date,product_id,quantity_sold,total_sales
30-06-2025 12:56,6459,1,359.73
27-06-2025 15:36,6021,20,776.24
27-06-2025 07:47,6816,2,294.27
26-06-2025 15:04,31772,1,228.36
26-06-2025 14:26,6609,1,130.51
26-06-2025 08:27,6175,1,228.38
25-06-2025 15:20,6021,3,123.39
23-06-2025 14:21,6619,2,324.51
20-06-2025 15:56,6816,1,174.74
20-06-2025 12:19,23239,10,63.96
20-06-2025 09:48,6021,6,307.79
19-06-2025 17:27,6175,1,250.34
19-06-2025 11:01,6459,2,625.72
17-06-2025 15:08,6021,8,307.35
14-06-2025 15:12,6175,2,539.22
13-06-2025 16:38,6190,1,260.17
12-06-2025 16:21,6609,1,125.78
12-06-2025 13:49,6950,6,76.36
11-06-2025 13:25,23774,1,153.77
11-06-2025 13:25,6609,1,153.77
10-06-2025 15:02,6459,1,320.55
10-06-2025 12:51,6021,6,243.28
09-06-2025 12:37,6459,1,339.28
09-06-2025 10:14,6609,2,237.81
06-06-2025 09:11,6619,1,169.87
05-06-2025 18:41,6816,1,132.07
05-06-2025 16:47,6609,1,147.48
05-06-2025 10:57,8316,1,26.58
03-06-2025 20:55,6021,7,246.56
03-06-2025 14:12,6803,1,211.24
02-06-2025 14:16,6609,1,107.92
31-05-2025 11:37,6609,1,111.58
30-05-2025 15:07,6816,1,118.11
30-05-2025 11:37,6016,2,116.68
27-05-2025 15:35,6816,2,245.47
27-05-2025 11:59,6609,1,107.92
26-05-2025 20:05,6609,1,164.78
26-05-2025 06:58,6021,2,104.17
23-05-2025 13:07,6459,1,260.05
22-05-2025 17:59,6763,1,194.56
21-05-2025 17:26,6591,1,533.05
19-05-2025 21:30,23239,1,66.19
19-05-2025 21:30,23774,1,66.19
19-05-2025 21:30,6974,1,66.19
19-05-2025 16:12,6816,1,113.05
19-05-2025 13:57,6803,1,196.47
19-05-2025 12:19,6190,1,216.64
16-05-2025 13:15,6816,1,131.95
15-05-2025 13:06,23785,1,38.55
14-05-2025 03:01,6459,1,267.73
13-05-2025 11:45,6212,1,357.7
11-05-2025 10:21,6190,2,429.3
09-05-2025 09:38,6175,1,201.25
08-05-2025 17:45,6687,3,450.57
08-05-2025 16:14,6790,2,1114.6
06-05-2025 12:27,6619,1,123.55
06-05-2025 07:47,6619,2,228.55
06-05-2025 06:58,6459,1,260.05
05-05-2025 16:53,6190,1,211.75
05-05-2025 15:32,6175,1,201.25
05-05-2025 14:01,6619,1,123.55
02-05-2025 14:43,6184,1,265.3
02-05-2025 14:14,6609,1,138.11
02-05-2025 11:53,31772,3,515.98
02-05-2025 06:09,6175,1,229.14
30-04-2025 09:52,23774,1,42.17
28-04-2025 15:36,6175,1,218.99
25-04-2025 16:41,6609,3,286.33
24-04-2025 09:54,6609,1,111.46
22-04-2025 15:35,6740,2,259.13
22-04-2025 14:21,6077,1,124.58
21-04-2025 20:45,23774,2,58.58
21-04-2025 14:01,7234,1,554.08
18-04-2025 11:38,6816,50,5856.5
17-04-2025 14:08,6175,2,398.56
17-04-2025 12:36,6572,1,523.76
16-04-2025 09:06,23774,1,20
16-04-2025 04:17,6950,1,28.65
15-04-2025 14:13,23774,1,38.61
14-04-2025 08:19,6459,1,671.15
08-04-2025 17:45,6175,1,252.41
08-04-2025 17:27,6175,1,206.19
08-04-2025 08:18,6190,1,242.78
07-04-2025 11:19,6974,12,277.3
07-04-2025 10:24,6021,1,50.04
07-04-2025 06:04,6591,1,305.71
06-04-2025 18:34,6609,1,111.46
03-04-2025 15:02,7234,1,554.08
02-04-2025 13:14,6021,4,128.05
02-04-2025 10:59,6459,1,260.08
31-03-2025 09:17,6175,10,1976.8
28-03-2025 10:17,6175,11,2214.01
27-03-2025 10:29,23774,1,43.49
26-03-2025 11:58,6175,6,1187.68
26-03-2025 11:19,6175,1,201.28
26-03-2025 11:18,6175,1,201.28
25-03-2025 10:44,6175,1,201.28
24-03-2025 12:41,6609,4,375.58
23-03-2025 09:25,6175,1,206.19
21-03-2025 14:19,6572,1,281.08
21-03-2025 07:40,31772,1,197.56
19-03-2025 20:48,23774,1,46.31
19-03-2025 20:43,31772,1,178.18
17-03-2025 11:58,6175,6,1187.68
17-03-2025 11:55,6175,6,1187.68
16-03-2025 10:22,6609,1,115.6
11-03-2025 16:28,6687,6,902.7
11-03-2025 15:59,6016,2,100.61
11-03-2025 13:48,6816,1,132.01
10-03-2025 22:23,6190,1,221.68
07-03-2025 15:16,6175,1,204.87
06-03-2025 15:00,6146,1,699.55
06-03-2025 09:25,6740,3,365.05
06-03-2025 09:23,23774,1,136.67
06-03-2025 09:23,6816,1,136.67
05-03-2025 16:46,6077,1,124.55
04-03-2025 11:55,6609,1,112.7
03-03-2025 13:08,6816,1,138.86
01-03-2025 13:54,6175,1,201.25
28-02-2025 15:27,6609,6,588.1
28-02-2025 15:27,6959,6,588.1
28-02-2025 11:17,31772,1,181.77
26-02-2025 12:28,23774,2,63.45
26-02-2025 08:59,6021,10,428.55
24-02-2025 14:26,6740,1,134.05
22-02-2025 07:58,31772,2,337.75
21-02-2025 11:39,6021,20,769.2
21-02-2025 10:55,6816,1,113.05
19-02-2025 10:11,6175,1,206.15
15-02-2025 14:10,6175,1,206.15
07-02-2025 15:33,8316,10,89.6
05-02-2025 14:26,6459,1,263.67
05-02-2025 12:08,6816,1,116.67
04-02-2025 14:52,6020,1,178.88
04-02-2025 09:12,6175,1,219.07
03-02-2025 17:55,6175,1,204.87
03-02-2025 16:56,6205,2,774.4
29-01-2025 12:00,6016,1,59.55
29-01-2025 09:23,23774,1,38.55
28-01-2025 14:47,8316,2,29.85
28-01-2025 13:25,6459,1,260.05
28-01-2025 09:38,6609,1,111.42
27-01-2025 13:42,6021,10,379.04
27-01-2025 12:26,6816,1,113.05
27-01-2025 11:11,6459,1,294.64
27-01-2025 09:26,6175,1,220
24-01-2025 12:41,6184,1,268.88
23-01-2025 20:34,6591,1,395.68
23-01-2025 13:59,6816,4,665.14
23-01-2025 13:59,6609,2,665.14
21-01-2025 17:28,6687,5,788.9
17-01-2025 15:26,6021,26,810.16
17-01-2025 05:50,6459,1,297.08
16-01-2025 23:26,6184,1,269.18
16-01-2025 15:05,6572,1,281.31
13-01-2025 17:54,6175,1,201.51
13-01-2025 14:45,6019,1,106.7
13-01-2025 12:51,6022,1,366.82
13-01-2025 10:26,6816,1,129.71
12-01-2025 22:21,6021,1,47.94
12-01-2025 22:00,26681,1,256.76
12-01-2025 12:57,6200,1,362.74
08-01-2025 23:46,6175,1,206.36
08-01-2025 17:46,6968,1,90.78
08-01-2025 14:21,6190,4,835.92
07-01-2025 15:00,6459,1,263.89
07-01-2025 14:15,6021,10,298.16
07-01-2025 13:37,6816,1,113.57
07-01-2025 12:02,6803,1,174.18
06-01-2025 15:16,6459,1,1961.28
06-01-2025 15:08,6459,2,1795.01
06-01-2025 14:01,6957,2,141.79
06-01-2025 14:01,6816,1,141.79
06-01-2025 12:50,6619,1,127.39
06-01-2025 12:17,6816,1,135.79
06-01-2025 11:18,6952,50,625.6
25-12-2024 20:44,23774,1,43.95
23-12-2024 15:01,6740,2,250.08
23-12-2024 11:13,6803,2,372.55
19-12-2024 17:48,6459,3,747.03
19-12-2024 09:51,6816,2,245.57
17-12-2024 19:44,6816,2,244.85
17-12-2024 13:02,6609,2,239.32
17-12-2024 12:56,6021,2,70.97
16-12-2024 11:32,6816,1,131.46
16-12-2024 09:54,6816,3,301.56
16-12-2024 09:28,31772,3,500.17
10-12-2024 14:20,6816,3,301.59
10-12-2024 11:56,6021,2,75.49
10-12-2024 09:24,6803,1,195.71
09-12-2024 12:48,6026,1,328.01
08-12-2024 19:45,23774,1,47.26
08-12-2024 17:58,8315,1,23.74
07-12-2024 08:34,6609,1,110.66
06-12-2024 13:33,5931,1,315.41
06-12-2024 09:06,6021,6,213.78
05-12-2024 15:09,6609,1,107.33
05-12-2024 11:10,6609,1,129.58
05-12-2024 11:10,6953,2,129.58
05-12-2024 10:34,6016,3,141.09
03-12-2024 14:17,6687,1,178.71
03-12-2024 09:11,6816,1,112.58
02-12-2024 17:34,6816,2,207.09
02-12-2024 12:38,6816,1,112.55
30-11-2024 19:45,6175,1,205.27
27-11-2024 12:48,6609,2,196.55
27-11-2024 03:13,6021,6,293.26
21-11-2024 14:20,6021,2,75.2
20-11-2024 10:01,6609,1,166.98
19-11-2024 12:52,6687,1,178.71
19-11-2024 06:23,6026,15,3271.3
19-11-2024 06:23,7277,15,3271.3
18-11-2024 17:57,6021,20,655.64
18-11-2024 13:17,23785,2,193.16
15-11-2024 15:51,5931,2,609.12
15-11-2024 14:55,6572,1,355.29
15-11-2024 11:56,6459,1,290.8
15-11-2024 11:26,6591,4,2075.8
14-11-2024 14:46,6609,1,125.13
14-11-2024 08:45,6816,2,244.59
13-11-2024 18:18,6459,1,323
11-11-2024 18:39,6816,1,115.62
08-11-2024 13:38,6816,1,112.3
08-11-2024 12:10,6816,1,132.07
08-11-2024 10:13,6619,1,141.87
07-11-2024 22:00,6021,2,75.2
07-11-2024 14:55,6687,3,446.2
06-11-2024 18:33,23239,5,36.12
06-11-2024 17:25,6175,1,204.98
06-11-2024 14:44,6184,1,264.55
06-11-2024 11:25,23774,1,41.12
06-11-2024 11:06,6016,1,66.79
06-11-2024 10:50,6021,10,332.16
05-11-2024 09:52,6016,1,66.79
04-11-2024 14:26,6803,1,192.4
04-11-2024 08:55,6816,4,400.28
03-11-2024 18:42,6459,1,259.29
02-11-2024 18:24,6190,1,215.48
02-11-2024 15:57,6609,1,110.36
01-11-2024 13:54,6175,6,1181.38
01-11-2024 08:55,6950,50,398
31-10-2024 15:42,6026,4,630.99
31-10-2024 10:40,6816,1,319.29
31-10-2024 10:40,6190,1,319.29
30-10-2024 17:22,6816,1,131.5
30-10-2024 16:11,6952,3,43.29
30-10-2024 12:41,5931,1,311.79
29-10-2024 20:41,6021,5,163.59
29-10-2024 15:24,6175,1,226.52
29-10-2024 09:03,6609,10,932.94
28-10-2024 19:19,6959,20,110.24
28-10-2024 12:52,6016,1,66.79
26-10-2024 14:36,6175,1,203.81
25-10-2024 17:04,6459,1,259.03
25-10-2024 08:34,6609,2,200.96
24-10-2024 16:45,6459,1,1019.76
24-10-2024 16:45,6459,1,1019.76
24-10-2024 11:16,6816,1,121.04
23-10-2024 10:13,6609,1,106.78
23-10-2024 08:28,31772,1,180.46
22-10-2024 22:44,6816,1,115.36
22-10-2024 10:22,6175,1,204.73
21-10-2024 23:11,6816,1,275.18
21-10-2024 23:11,6609,1,275.18
21-10-2024 23:11,23774,2,275.18
21-10-2024 14:20,6816,1,163.25
21-10-2024 13:38,6816,1,115.36
19-10-2024 09:53,31772,1,181.63
17-10-2024 15:11,6175,1,200.2
17-10-2024 08:29,6459,2,1057
16-10-2024 12:04,6687,1,160.3
16-10-2024 08:37,6175,6,1181.2
15-10-2024 14:02,6187,1,369.99
14-10-2024 18:26,6175,1,200.2
14-10-2024 15:35,6190,1,214.02
14-10-2024 10:14,31772,1,177.1
09-10-2024 10:04,6459,2,1328.8
07-10-2024 14:00,6619,3,1233.4
07-10-2024 13:40,6816,1,112
04-10-2024 13:40,6184,1,331.84
04-10-2024 13:33,6740,3,408.22
04-10-2024 13:33,6950,6,408.22
03-10-2024 17:17,6619,1,527.8
03-10-2024 17:17,6619,1,527.8
03-10-2024 11:29,6184,1,267.65
03-10-2024 09:25,6175,1,297.7
02-10-2024 15:35,6803,2,350.9
02-10-2024 15:35,8312,2,350.9
02-10-2024 15:35,8314,2,350.9
01-10-2024 18:04,6175,4,2838.46
01-10-2024 18:04,6190,10,2838.46
30-09-2024 12:11,8314,1,23.15
30-09-2024 10:08,6021,5,166.62
30-09-2024 08:48,6175,1,218.2
30-09-2024 05:15,6016,6,277
27-09-2024 22:54,23774,2,57.5
27-09-2024 13:43,6175,2,396.4
27-09-2024 13:17,6175,1,218.2
25-09-2024 14:09,6816,1,115.32
25-09-2024 10:34,6459,1,290.5
25-09-2024 10:33,6175,1,282.39
24-09-2024 16:20,6816,1,115.32
23-09-2024 17:26,6609,1,137.81
20-09-2024 17:10,6175,1,200.2
19-09-2024 22:10,6016,1,70.99
19-09-2024 14:09,6609,2,196
19-09-2024 11:10,6687,3,893.2
18-09-2024 17:13,6816,1,112
17-09-2024 17:35,6816,1,112
17-09-2024 16:19,6175,1,200.2
17-09-2024 12:12,6609,2,234.94
17-09-2024 11:43,6190,1,210.7
17-09-2024 09:29,6619,1,122.5
16-09-2024 21:56,6816,2,256.58
16-09-2024 14:57,6175,1,200.2
16-09-2024 10:53,6018,1,77.5
15-09-2024 23:31,6459,1,556.79
15-09-2024 23:31,6459,1,556.79
13-09-2024 13:28,6175,1,203.08
13-09-2024 13:09,6175,1,200.23
13-09-2024 13:09,6021,10,329.32
13-09-2024 13:02,6175,6,1181.38
13-09-2024 07:16,6609,2,209.76
12-09-2024 20:31,23774,1,37.53
11-09-2024 12:28,6763,1,269.53
11-09-2024 12:28,6740,1,269.53
10-09-2024 16:18,6018,1,77.53
10-09-2024 10:18,6175,1,206.54
09-09-2024 07:55,23774,2,410.06
09-09-2024 07:55,6609,3,410.06
07-09-2024 16:12,6021,1,43.99
07-09-2024 13:35,6609,1,110.11
05-09-2024 19:28,6190,1,241.52
05-09-2024 16:59,6974,2,60.34
05-09-2024 11:24,6459,2,500.53
05-09-2024 10:50,6619,3,379.83
04-09-2024 15:51,23774,1,42.03
04-09-2024 14:44,31772,1,177.13
04-09-2024 09:21,6459,1,1015.03
03-09-2024 16:45,6016,4,197.53
03-09-2024 01:16,6816,1,137.61
02-09-2024 12:35,6816,1,115.36
31-08-2024 06:24,6609,1,110.11
30-08-2024 12:59,6740,1,143.53
30-08-2024 09:57,31772,3,505.39
30-08-2024 09:49,6619,2,437.53
30-08-2024 09:49,6619,2,437.53
30-08-2024 08:24,6021,10,355.04
29-08-2024 20:52,6190,1,210.73
29-08-2024 13:58,6816,1,147.45
29-08-2024 12:01,6184,1,264.28
29-08-2024 08:28,6459,1,1015.03
29-08-2024 01:09,6609,1,106.78
28-08-2024 12:26,23774,1,40.78
27-08-2024 16:43,6175,1,204.73
27-08-2024 12:13,6022,1,365.53
26-08-2024 10:14,31772,2,405.39
23-08-2024 15:50,6190,1,213.95
23-08-2024 12:53,6816,1,115.25
22-08-2024 13:38,6790,1,558.19
22-08-2024 13:07,6190,1,213.95
21-08-2024 14:00,6200,3,1023.97
21-08-2024 12:23,6459,2,563.73
20-08-2024 21:39,6961,10,177.41
20-08-2024 18:40,6175,1,203.45
20-08-2024 11:38,6619,4,437.45
19-08-2024 17:09,6816,1,116.41
19-08-2024 16:18,6184,2,524.4
19-08-2024 11:08,6816,4,395.45
18-08-2024 11:36,6459,3,741.97
18-08-2024 08:39,6609,2,195.97
17-08-2024 13:45,6184,1,282.32
16-08-2024 14:58,6459,4,983.77
15-08-2024 09:51,6459,1,666.37
15-08-2024 09:08,6816,1,135.35
14-08-2024 14:47,6022,1,365.47
14-08-2024 13:50,6816,1,117.97
14-08-2024 13:50,6957,2,117.97
13-08-2024 16:16,6021,4,127.79
12-08-2024 20:14,6816,1,148.8
12-08-2024 16:51,6021,1,62.96
12-08-2024 10:22,6591,1,300.97
12-08-2024 10:02,6952,4,51.48
12-08-2024 09:16,6609,1,113.22
12-08-2024 09:16,6961,2,113.22
12-08-2024 09:14,6021,3,105.83
11-08-2024 18:36,23774,1,41.95
09-08-2024 08:24,6175,5,1902.48
09-08-2024 08:24,6185,3,1902.48
08-08-2024 14:45,6175,1,203.49
08-08-2024 13:00,6687,1,160.27
07-08-2024 20:21,6175,1,200.17
07-08-2024 17:12,6016,2,121.3
07-08-2024 15:59,6190,1,215.15
07-08-2024 11:38,6190,1,213.98
07-08-2024 10:10,6459,2,547.06
05-08-2024 15:06,6609,1,138.9
04-08-2024 23:37,6803,1,177.35
02-08-2024 14:13,6016,2,189.47
01-08-2024 15:28,6803,2,382.53
01-08-2024 15:22,6021,2,82.08
01-08-2024 11:43,6021,1,47.24
31-07-2024 13:07,6021,10,335
31-07-2024 08:19,6619,2,258.97
30-07-2024 19:29,6609,1,122.92
30-07-2024 12:45,6018,1,92.35
29-07-2024 15:39,6816,1,115.29
29-07-2024 03:25,6609,5,557.75
26-07-2024 15:39,6619,1,122.47
26-07-2024 10:53,6175,1,226.11
26-07-2024 07:12,6021,10,282.34
25-07-2024 19:30,6816,1,130.87
25-07-2024 14:29,23239,10,107.47
25-07-2024 14:29,23774,3,107.47
25-07-2024 13:21,6609,1,131.81
24-07-2024 15:11,6803,2,338.27
24-07-2024 15:11,6963,2,338.27
24-07-2024 15:04,6816,1,116.45
24-07-2024 10:12,6190,1,213.98
24-07-2024 08:03,6816,1,115.28
23-07-2024 12:02,31772,1,180.12
23-07-2024 08:42,6175,1,203.49
22-07-2024 18:09,6175,1,200.17
19-07-2024 11:59,31772,1,180.42
19-07-2024 06:51,6184,1,268.74
18-07-2024 11:31,6740,2,299.8
16-07-2024 16:42,6016,6,264.7
16-07-2024 10:36,6816,1,112
16-07-2024 10:04,6016,2,115.5
15-07-2024 16:44,6019,1,103.96
15-07-2024 10:36,6175,1,204.69
12-07-2024 15:51,27075,1,502.11
12-07-2024 09:18,6609,1,117.17
12-07-2024 07:22,6803,1,194.75
11-07-2024 18:20,6184,2,518.86
10-07-2024 20:26,6190,1,227
10-07-2024 19:53,6816,1,134.11
10-07-2024 15:43,6816,1,115.21
10-07-2024 15:20,6687,2,343.79
10-07-2024 13:39,6816,1,130.81
09-07-2024 16:26,6816,1,130.82
08-07-2024 15:48,6184,1,268.62
08-07-2024 14:50,6591,1,300.92
05-07-2024 16:01,6619,4,616.01
05-07-2024 16:01,6619,1,616.01
05-07-2024 12:43,6816,1,111.92
04-07-2024 17:28,6175,1,204.57
03-07-2024 15:59,6459,4,2246.88
02-07-2024 09:11,6609,1,109.96
01-07-2024 16:07,6021,25,806.95
27-06-2024 08:38,6016,2,107.42
26-06-2024 15:18,31772,1,185.93
25-06-2024 15:54,31772,1,177.02
25-06-2024 14:32,6609,3,291.76
25-06-2024 13:39,6459,1,258.91
25-06-2024 12:32,6190,1,217.95
25-06-2024 11:42,6021,1,43.88
25-06-2024 11:29,6175,1,206.72
24-06-2024 13:54,6459,2,500.41
21-06-2024 15:30,6816,2,206.39
21-06-2024 12:55,6021,1,55.44
20-06-2024 15:52,6619,1,471
20-06-2024 12:08,6816,1,118.47
20-06-2024 09:35,6687,1,160.18
19-06-2024 14:53,6609,2,244.2
19-06-2024 13:47,6021,2,75.7
19-06-2024 10:16,6790,1,567.03
18-06-2024 17:44,31772,1,183.57
18-06-2024 10:55,6740,1,143.39
17-06-2024 16:52,6175,6,1162.84
17-06-2024 13:06,6021,2,70.44
17-06-2024 11:04,6687,1,176.84
13-06-2024 20:21,6190,4,1076.95
13-06-2024 20:21,6184,1,1076.95
13-06-2024 18:54,6018,1,86.41
10-06-2024 13:54,6816,1,112.02
10-06-2024 13:17,6459,1,259.01
10-06-2024 09:50,6803,2,337.21
08-06-2024 06:52,23774,1,31.45
07-06-2024 20:06,6816,1,130.67
06-06-2024 20:32,6190,1,210.91
05-06-2024 14:36,6021,2,69.28
05-06-2024 11:29,6816,1,111.77
03-06-2024 16:10,6609,1,118.53
03-06-2024 11:19,6816,1,132.57
03-06-2024 09:57,6190,1,211.68
03-06-2024 05:09,6026,6,1110.57
03-06-2024 05:09,7277,6,1110.57
31-05-2024 17:28,6816,1,305.42
31-05-2024 17:28,6803,1,305.42
30-05-2024 14:36,6816,1,111.77
29-05-2024 15:10,6093,1,81.53
29-05-2024 11:00,6816,1,146.8
28-05-2024 18:56,6021,10,323.72
28-05-2024 11:00,6190,1,211.68
27-05-2024 16:42,6190,1,209.94
25-05-2024 19:03,23239,3,45.6
25-05-2024 19:03,23774,1,45.6
21-05-2024 17:42,6803,1,191.57
21-05-2024 15:14,6175,1,201.18
20-05-2024 15:44,6184,1,265.23
17-05-2024 15:36,6212,1,356.86
16-05-2024 16:33,6619,1,121.53
16-05-2024 15:38,6175,1,201.18
10-05-2024 20:44,6190,1,242.06
10-05-2024 20:44,6974,1,242.06
10-05-2024 16:14,6619,2,226.93
09-05-2024 15:25,6619,3,331.55
08-05-2024 11:11,6619,4,500.71
08-05-2024 08:02,6190,1,210.91
07-05-2024 19:35,6175,1,200.41
06-05-2024 22:04,6609,1,105.63
03-05-2024 08:30,6459,1,258.82
02-05-2024 12:39,6816,1,129.78
01-05-2024 13:02,6816,1,129.67
30-04-2024 16:41,6816,1,129.78
30-04-2024 15:38,6816,1,111.77
29-04-2024 13:26,6609,4,373.74
28-04-2024 19:44,6175,1,204.29
28-04-2024 12:25,6816,1,111.03
27-04-2024 09:33,6803,1,171.93
24-04-2024 15:20,31772,3,495.37
23-04-2024 14:57,6190,1,219.1
23-04-2024 14:07,6816,1,116.18
22-04-2024 11:05,6459,1,426.58
22-04-2024 11:05,31772,1,426.58
21-04-2024 12:12,6816,1,129.93
18-04-2024 19:41,6190,1,209.8
18-04-2024 17:07,6175,1,199.44
17-04-2024 15:33,6190,2,417.82
16-04-2024 15:10,6740,3,443.22
16-04-2024 15:10,6951,10,443.22
16-04-2024 03:27,6459,2,1544.26
12-04-2024 18:54,6184,1,264.1
12-04-2024 11:25,6016,20,1038.76
12-04-2024 08:46,6459,2,1545.66
11-04-2024 20:49,6816,1,112.42
10-04-2024 15:45,6175,1,277.33
10-04-2024 11:22,31772,2,336.26
09-04-2024 15:17,6459,2,500.3
08-04-2024 18:29,6175,1,201.9
08-04-2024 12:34,6591,1,302.26
05-04-2024 15:14,6803,2,330.42
03-04-2024 10:50,6016,5,222.69
02-04-2024 16:56,6021,10,303.52
02-04-2024 15:51,31772,1,193.22
02-04-2024 11:34,6740,2,248.06
01-04-2024 17:33,6026,2,323.45
01-04-2024 15:54,6184,1,342.13
31-03-2024 20:28,23774,1,36.9
31-03-2024 09:49,6175,1,216.08
30-03-2024 14:06,6609,1,106.38
29-03-2024 15:55,6609,1,106.22
28-03-2024 13:57,6459,1,774.83
28-03-2024 12:38,6591,1,302.4
28-03-2024 09:26,6803,2,422.35
28-03-2024 09:26,6816,1,422.35
28-03-2024 09:20,6816,3,426.64
27-03-2024 13:56,6190,1,211.58
27-03-2024 12:42,6803,2,367
27-03-2024 10:54,6816,2,207.4
26-03-2024 14:47,6175,1,206.44
26-03-2024 14:32,6816,1,113.83
25-03-2024 14:31,6803,1,191.27
22-03-2024 14:12,6459,2,563.74
21-03-2024 16:49,6609,1,107.17
21-03-2024 07:09,6609,4,374.14
18-03-2024 16:03,6790,1,560.84
16-03-2024 17:34,6190,1,201.35
16-03-2024 11:20,6740,1,127.92
15-03-2024 15:31,6816,1,125.92
15-03-2024 15:17,6016,1,57.95
14-03-2024 13:38,6803,1,164.85
14-03-2024 13:24,23239,8,42.04
13-03-2024 17:01,6951,1,23.04
13-03-2024 12:00,6959,2,133.4
13-03-2024 12:00,6816,1,133.4
12-03-2024 08:24,6687,2,289.06
11-03-2024 17:50,6175,1,193.2
10-03-2024 14:24,6184,1,252.14
07-03-2024 14:19,6021,3,101.08
07-03-2024 12:53,6816,4,378.38
07-03-2024 07:19,6021,10,275.3
05-03-2024 18:15,6609,1,102.92
05-03-2024 12:54,27075,1,377.2
05-03-2024 10:37,6459,2,1723.04
05-03-2024 09:46,6816,1,106.85
05-03-2024 09:43,6816,1,124.95
05-03-2024 08:01,31772,4,625.14
04-03-2024 08:00,6816,1,106.85
04-03-2024 00:03,6609,1,101.97
01-03-2024 13:10,6459,2,1931.68
01-03-2024 11:31,6797,2,478.99
01-03-2024 08:19,6175,1,193.38
29-02-2024 16:00,6816,1,125.92
29-02-2024 13:55,6816,1,107.92
29-02-2024 13:24,6184,1,346.59
29-02-2024 13:24,8312,2,346.59
28-02-2024 12:47,6816,2,234.4
28-02-2024 10:13,6609,1,102.92
27-02-2024 13:48,6175,1,197.74
27-02-2024 12:30,6093,6,422.82
26-02-2024 13:27,6459,6,1418.68
26-02-2024 13:15,6175,2,378.52
25-02-2024 14:20,6459,1,277.24
25-02-2024 09:25,6190,1,201.14
24-02-2024 12:58,6175,1,193.2
23-02-2024 19:20,6609,1,101.95
22-02-2024 12:00,6609,1,108.09
22-02-2024 00:18,7277,2,107.23
21-02-2024 15:13,6950,20,159.8
20-02-2024 22:07,23774,2,152.17
20-02-2024 22:07,6609,1,152.17
20-02-2024 17:15,6816,1,125.92
20-02-2024 15:58,6816,1,106.95
20-02-2024 09:39,6816,1,106.97
19-02-2024 19:19,6021,2,71.92
19-02-2024 18:50,6816,1,107.92
19-02-2024 09:22,6175,2,378.7
16-02-2024 16:40,6021,2,73.92
15-02-2024 11:35,6816,1,125.92
15-02-2024 08:55,31772,1,169.87
14-02-2024 13:24,6609,2,193.11
14-02-2024 10:59,6018,1,76.9
13-02-2024 12:20,31772,13,2026.64
13-02-2024 08:26,5931,1,323.37
12-02-2024 19:40,23774,1,36.95
12-02-2024 16:31,6803,1,165.92
12-02-2024 15:28,6021,1,41.47
10-02-2024 16:11,6190,1,203.38
10-02-2024 08:31,6459,1,282.19
09-02-2024 14:58,6609,1,102.92
09-02-2024 14:30,6018,2,231.08
09-02-2024 11:27,6175,6,1075.9
08-02-2024 15:10,6609,1,112.13
08-02-2024 14:30,5931,1,297.17
08-02-2024 13:03,6459,1,247.05
08-02-2024 12:13,6687,3,425.97
08-02-2024 11:24,6021,10,256.82
07-02-2024 16:10,6175,1,202.42
07-02-2024 10:03,6175,2,981.52
07-02-2024 10:03,6185,2,981.52
06-02-2024 13:47,6021,2,65.95
06-02-2024 13:30,6190,1,203.2
06-02-2024 13:18,26681,1,239.14
06-02-2024 11:15,6459,1,247.17
05-02-2024 18:22,6190,8,2273.5
05-02-2024 18:22,6175,2,2273.5
05-02-2024 18:22,6175,2,2273.5
05-02-2024 14:38,6816,3,342.76
01-02-2024 12:12,6175,1,191.35
30-01-2024 19:41,6816,1,122.71
29-01-2024 15:05,5931,2,577.24
25-01-2024 10:00,6609,2,187.08
25-01-2024 09:06,5931,1,297.17
23-01-2024 14:49,6190,1,207.74
23-01-2024 12:52,6021,6,194.82
23-01-2024 10:59,6459,2,582.26
23-01-2024 09:17,6459,4,2568.8
23-01-2024 08:47,6175,1,191.35
22-01-2024 13:58,6609,1,109.75
22-01-2024 11:42,6021,26,719.82
19-01-2024 14:03,6021,10,303.52
19-01-2024 12:50,6816,1,107.87
19-01-2024 12:05,6190,1,201.35
18-01-2024 14:03,6021,1,42.42
18-01-2024 11:33,6572,1,267.05
17-01-2024 21:32,6021,5,152.05
17-01-2024 14:06,6816,1,125.92
16-01-2024 13:30,6025,1,157.95
15-01-2024 22:04,23774,3,77.15
14-01-2024 19:52,6609,1,102.92
12-01-2024 13:16,6021,6,176.9
12-01-2024 09:54,6740,1,137.13
10-01-2024 19:05,6021,2,65.95
10-01-2024 12:37,6591,3,828.04
10-01-2024 12:15,6816,1,107.92
09-01-2024 10:33,6816,1,107.87
09-01-2024 08:24,6609,1,114.33
08-01-2024 13:58,23774,1,36.97
08-01-2024 09:07,6816,3,315.17
05-01-2024 17:03,6190,1,202.38
05-01-2024 15:11,6175,2,681.14
05-01-2024 15:11,6185,1,681.14
05-01-2024 13:36,6816,1,305.51
05-01-2024 13:36,6190,1,305.51
05-01-2024 08:42,6803,1,165.13
04-01-2024 17:48,6175,1,191.35
01-01-2024 11:28,6459,1,248.76
31-12-2023 11:51,6175,1,193.2
29-12-2023 13:19,23774,1,37.92
27-12-2023 21:53,6609,1,111.97
26-12-2023 10:05,6816,2,196.94
22-12-2023 14:51,6459,2,537.13
21-12-2023 14:37,6175,1,190.67
21-12-2023 13:28,8313,3,33.52
20-12-2023 14:11,6952,2,83.1
20-12-2023 14:11,6950,2,83.1
20-12-2023 14:11,6951,2,83.1
20-12-2023 11:04,31772,1,169.31
19-12-2023 16:55,6077,1,107.31
19-12-2023 15:59,6185,1,491.5
19-12-2023 15:59,6175,1,491.5
19-12-2023 08:58,6175,1,191.75
18-12-2023 13:28,6175,1,206.16
18-12-2023 13:28,23239,1,206.16
18-12-2023 09:56,6175,4,823.63
18-12-2023 09:56,23774,3,823.63
16-12-2023 13:29,23774,1,37.26
15-12-2023 14:11,6609,2,189.35
15-12-2023 11:50,6803,1,178.86
14-12-2023 17:45,6816,1,106.28
14-12-2023 15:51,6572,2,565.81
14-12-2023 09:43,6816,1,107.26
12-12-2023 13:17,6175,1,207.1
08-12-2023 21:24,6184,1,252.75
08-12-2023 12:17,6790,1,293.1
07-12-2023 15:52,6803,1,182.28
07-12-2023 12:36,23774,2,57.68
06-12-2023 10:06,7234,1,482.59
05-12-2023 16:06,6609,1,111.4
05-12-2023 06:38,6687,6,844.94
04-12-2023 17:01,6175,1,190.76
04-12-2023 09:22,5931,1,296.59
04-12-2023 08:12,6572,1,266.52
03-12-2023 16:58,23785,1,36.4
01-12-2023 11:40,6740,1,134.53
30-11-2023 17:21,6175,1,191.75
30-11-2023 16:14,6816,1,107.31
29-11-2023 20:06,6175,1,207.1
28-11-2023 13:58,6459,2,1065.89
28-11-2023 13:45,6175,4,1188.22
28-11-2023 13:45,6175,2,1188.22
28-11-2023 03:50,6740,7,899.6
25-11-2023 22:14,6021,1,44.09
25-11-2023 11:22,23774,2,56.5
21-11-2023 11:24,31772,1,320.95
21-11-2023 11:24,31772,1,320.95
21-11-2023 11:22,31772,2,320.95
20-11-2023 15:48,6021,10,273.94
20-11-2023 15:34,6175,1,190.67
20-11-2023 15:29,31772,1,171.23
20-11-2023 13:58,6816,5,559.17
20-11-2023 13:56,6816,1,107.31
17-11-2023 16:23,6816,2,197.68
17-11-2023 14:08,5956,1,286.59
17-11-2023 05:11,6175,2,377.34
16-11-2023 12:00,6459,2,1709.08
15-11-2023 17:21,6459,1,230
15-11-2023 16:11,6175,1,292.52
15-11-2023 09:44,6175,1,190.56
15-11-2023 09:04,6619,1,131.4
14-11-2023 19:52,6175,1,192.7
14-11-2023 14:43,6175,1,223
14-11-2023 13:55,6816,1,125.31
14-11-2023 10:49,6816,4,450.53
13-11-2023 18:06,6021,2,70.55
11-11-2023 01:27,6619,1,116.33
10-11-2023 14:50,6609,1,101.55
10-11-2023 13:34,6175,1,190.67
10-11-2023 10:57,6025,2,268.28
09-11-2023 13:57,6026,3,454.5
08-11-2023 14:34,6175,2,381.06
08-11-2023 12:57,6816,3,287.35
08-11-2023 11:25,6687,1,161.95
07-11-2023 21:35,6816,1,145.57
07-11-2023 12:37,6609,1,102.26
07-11-2023 12:10,6609,1,101.4
07-11-2023 08:51,5931,1,312.24
06-11-2023 13:43,6175,1,190.67
06-11-2023 10:58,6459,3,798.09
06-11-2023 10:53,6591,1,286.57
06-11-2023 04:58,6459,2,1470.82
03-11-2023 23:00,6816,1,106.28
02-11-2023 17:25,6816,1,125.31
02-11-2023 15:10,6190,1,200.76
02-11-2023 13:23,6175,1,217.76
02-11-2023 10:50,6175,6,1124.56
02-11-2023 10:16,31772,1,168.55
02-11-2023 07:44,6572,1,266.52
01-11-2023 17:30,6740,1,137.31
01-11-2023 17:20,7234,1,539.4
31-10-2023 15:45,6093,2,177.61
31-10-2023 13:34,6175,1,206.12
31-10-2023 12:32,6016,1,58.31
30-10-2023 17:23,6609,1,101.4
30-10-2023 13:14,6797,2,457.77
27-10-2023 14:30,6950,50,390.9
26-10-2023 16:37,6572,1,268.24
26-10-2023 16:20,6572,2,518.15
25-10-2023 15:17,6025,1,157.33
23-10-2023 20:55,6816,1,143.72
23-10-2023 16:25,6190,2,397.12
23-10-2023 15:33,23774,2,56.95
19-10-2023 16:29,6175,1,223
19-10-2023 16:17,6077,5,554.2
19-10-2023 09:47,6175,6,1130.5
17-10-2023 17:25,6816,1,107.31
17-10-2023 15:34,6687,1,163.84
17-10-2023 13:27,6175,1,207.39
17-10-2023 13:18,6816,1,106.28
17-10-2023 12:22,6619,1,132.31
17-10-2023 09:11,6190,1,202.53
16-10-2023 18:38,6184,1,253.7
13-10-2023 16:10,6816,2,196.48
12-10-2023 19:44,6021,2,71.31
11-10-2023 15:34,6803,1,182.55
11-10-2023 08:42,6021,3,97.48
10-10-2023 12:22,6021,2,72.38
09-10-2023 13:08,6175,1,203.36
09-10-2023 08:57,6190,1,201.75
09-10-2023 06:03,6619,1,122.27
08-10-2023 11:23,6609,1,141.09
06-10-2023 11:08,6459,1,747.07
06-10-2023 07:56,6175,1,202.42
06-10-2023 03:12,6026,6,1420.36
06-10-2023 03:12,7277,6,1420.36
05-10-2023 13:31,31772,4,636.12
04-10-2023 19:08,23785,1,76.61
04-10-2023 14:52,6572,1,274.81
03-10-2023 19:30,6190,1,221.53
03-10-2023 17:45,6816,1,137.3
03-10-2023 16:11,6026,19,2906.46
29-09-2023 16:06,6459,2,1721.54
28-09-2023 15:59,6609,1,228.27
27-09-2023 18:04,6816,1,120.21
27-09-2023 14:52,6175,1,217.4
26-09-2023 12:46,6687,2,302.21
25-09-2023 16:06,6021,8,262.26
25-09-2023 14:16,6184,2,542.8
25-09-2023 10:06,5931,1,499.67
25-09-2023 09:54,6816,1,120.21
24-09-2023 16:37,6175,1,208.49
22-09-2023 15:39,6190,1,214.14
22-09-2023 15:09,6687,1,159.54
22-09-2023 11:28,6184,2,542.8
21-09-2023 11:24,6816,1,120.15
20-09-2023 17:44,6950,50,504.4
20-09-2023 15:26,6175,1,200.93
20-09-2023 12:07,6175,1,213.8
19-09-2023 15:23,6816,1,221.53
19-09-2023 14:07,6816,1,113.54
18-09-2023 14:13,6572,2,523.9
18-09-2023 10:58,6790,4,1202.36
16-09-2023 12:40,6175,1,210.63
15-09-2023 16:08,6950,6,82.75
13-09-2023 21:04,6816,1,119.25
13-09-2023 08:40,6816,1,360.47
13-09-2023 08:40,6190,1,360.47
12-09-2023 14:44,6021,1,54.25
12-09-2023 10:41,6609,2,198.07
11-09-2023 16:41,6816,4,395.84
11-09-2023 15:14,6018,1,128.84
11-09-2023 10:48,6175,1,207.05
11-09-2023 09:32,6609,2,198.07
08-09-2023 09:29,6459,1,291.56
08-09-2023 08:03,31772,1,175.54
07-09-2023 15:46,6190,1,220.26
07-09-2023 12:44,6459,2,491.34
07-09-2023 12:37,6687,2,766.91
06-09-2023 16:23,6021,6,213.13
05-09-2023 12:04,6609,4,420.24
05-09-2023 12:04,6959,8,420.24
05-09-2023 10:58,6803,1,261.29
03-09-2023 00:39,6619,1,133.64
01-09-2023 08:32,6021,2,154.51
30-08-2023 13:21,6609,4,366.47
30-08-2023 10:31,6816,1,148.75
30-08-2023 08:49,6190,1,906.96
30-08-2023 08:49,6212,2,906.96
29-08-2023 16:38,6687,2,905.91
29-08-2023 15:57,6816,1,157.81
29-08-2023 14:30,6021,4,122.72
28-08-2023 14:38,6459,2,1510.68
28-08-2023 14:32,6816,1,120.09
28-08-2023 10:16,6803,1,205.88
25-08-2023 17:58,6816,1,132.12
25-08-2023 12:23,6175,1,199.39
24-08-2023 21:34,6609,1,123.02
24-08-2023 17:04,23774,1,54.86
24-08-2023 11:44,6175,1,210.19
22-08-2023 14:06,6021,4,134.47
21-08-2023 12:51,6175,1,208.43
18-08-2023 15:00,6816,1,134.43
16-08-2023 14:02,6459,1,733.28
16-08-2023 14:02,6459,1,733.28
16-08-2023 11:43,6021,1,66.36
16-08-2023 08:48,6019,1,98.14
15-08-2023 18:51,6021,1,57.04
15-08-2023 14:43,6022,2,994.18
15-08-2023 11:56,6609,1,114.14
14-08-2023 13:40,6190,1,218.78
13-08-2023 12:19,6175,1,208.29
11-08-2023 13:02,5931,2,586.78
10-08-2023 14:30,6175,1,220.14
10-08-2023 12:36,6021,1,66.36
09-08-2023 15:45,6950,20,203.52
04-08-2023 16:21,6175,1,202.84
03-08-2023 18:43,6803,1,257.34
03-08-2023 18:43,23774,2,257.34
03-08-2023 13:03,6763,1,156.76
03-08-2023 09:10,6175,4,909.12
03-08-2023 09:10,23774,3,909.12
03-08-2023 06:59,6175,1,200.68
01-08-2023 19:02,6619,5,531.05
31-07-2023 15:30,6459,1,294.16
31-07-2023 10:33,6572,2,588.78
30-07-2023 13:28,6175,1,206.67
29-07-2023 09:38,6175,1,208.16
28-07-2023 15:50,5956,1,297.76
28-07-2023 09:19,6175,1,200.63
26-07-2023 19:27,6175,1,204.98
26-07-2023 11:19,6740,2,244.5
26-07-2023 11:16,6609,2,197.76
26-07-2023 10:01,6687,1,170.96
25-07-2023 12:24,6797,1,253.32
24-07-2023 22:55,23774,2,76.64
24-07-2023 14:13,6175,1,208.83
21-07-2023 16:24,23774,1,76.44
20-07-2023 14:58,6190,1,218.78
19-07-2023 17:46,6816,1,142.96
18-07-2023 13:11,6175,1,210.21
17-07-2023 14:08,6790,3,907.87
17-07-2023 10:19,6803,1,194.92
12-07-2023 17:32,6609,1,173.23
12-07-2023 10:26,6175,1,197.64
11-07-2023 10:58,6021,1,56.81
10-07-2023 11:51,31772,1,194.28
09-07-2023 17:24,23774,2,70.45
06-07-2023 17:56,6619,5,531
06-07-2023 16:55,5956,1,293.29
06-07-2023 14:30,7234,1,466
06-07-2023 09:39,6459,1,288.05
06-07-2023 04:42,23239,10,267.12
06-07-2023 04:42,23774,10,267.12
03-07-2023 12:39,6687,1,159.29
30-06-2023 16:12,6184,1,269.78
26-06-2023 17:00,6459,2,494.78
26-06-2023 11:57,6803,1,739.76
26-06-2023 11:57,5956,1,739.76
26-06-2023 11:57,5931,1,739.76
23-06-2023 18:55,6803,1,259.4
23-06-2023 16:35,23774,5,128.05
23-06-2023 12:35,6803,1,193.28
21-06-2023 16:38,31772,1,331.76
21-06-2023 16:38,31772,1,331.76
21-06-2023 11:12,6175,1,202.78
20-06-2023 16:55,6175,6,1192.3
20-06-2023 09:20,6175,1,206.67
19-06-2023 16:50,6459,1,294.78
19-06-2023 15:18,6021,4,135.29
19-06-2023 13:39,6816,1,135.28
19-06-2023 11:12,6816,2,365.32
19-06-2023 11:12,31772,1,365.32
19-06-2023 09:47,6190,1,184
15-06-2023 21:41,6609,1,143.06
15-06-2023 10:30,6609,1,120.91
15-06-2023 10:09,6950,2,239.68
14-06-2023 23:59,6740,3,531.56
14-06-2023 15:33,6175,3,621.52
13-06-2023 16:56,6175,1,229.54
12-06-2023 17:05,6175,5,997.9
12-06-2023 14:02,6459,2,1514.48
12-06-2023 12:33,6609,1,112.28
11-06-2023 19:52,6175,1,200.68
10-06-2023 10:09,6184,1,264.68
09-06-2023 14:16,6175,1,206.73
09-06-2023 11:15,26681,1,417.02
09-06-2023 11:15,31772,1,417.02
09-06-2023 10:03,6190,2,420.22
07-06-2023 20:33,6609,1,143.25
07-06-2023 08:21,6816,1,135.81
05-06-2023 16:33,6175,1,211.01
05-06-2023 11:38,6184,1,263.84
02-06-2023 09:07,6459,1,288.11
01-06-2023 15:59,6687,1,205.91
01-06-2023 14:02,23785,2,65.64
01-06-2023 10:21,6816,1,119.87
31-05-2023 14:07,6816,1,113.33
27-05-2023 13:45,6803,1,193.33
26-05-2023 13:58,6026,5,761.05
26-05-2023 11:03,6816,1,120.6
25-05-2023 17:06,6175,1,257.5
24-05-2023 21:39,6021,5,158.8
24-05-2023 20:26,6175,1,208.16
24-05-2023 15:07,5931,1,307.33
24-05-2023 13:40,6190,1,212.84
24-05-2023 11:56,6175,1,207.37
23-05-2023 09:27,6740,1,304.13
22-05-2023 15:17,6609,2,189.16
21-05-2023 18:57,6175,1,192.25
21-05-2023 12:31,6609,1,103.61
18-05-2023 08:35,6619,6,667.84
17-05-2023 14:38,6016,2,98.51
17-05-2023 13:46,6190,2,420.22
17-05-2023 12:34,6803,1,184.61
12-05-2023 17:35,6619,2,219.16
11-05-2023 14:57,6609,1,103.07
10-05-2023 14:48,6572,1,464.85
10-05-2023 07:57,6021,10,524.98
09-05-2023 12:15,5931,1,299.16
09-05-2023 08:29,5931,3,869.05
08-05-2023 12:44,6175,1,197.35
05-05-2023 21:40,8315,4,39.14
05-05-2023 06:04,6459,3,1376.42
04-05-2023 15:54,6609,3,423.48
04-05-2023 14:55,7234,1,527.36
04-05-2023 06:34,6591,1,288.07
03-05-2023 15:41,6459,1,249.16
03-05-2023 14:29,6021,3,99.61
03-05-2023 14:25,6175,1,197.35
03-05-2023 13:46,6459,1,251.55
02-05-2023 13:42,6459,1,283.35
01-05-2023 14:52,6175,1,194.79
01-05-2023 13:48,6021,1,49.35
01-05-2023 12:36,6184,1,261.94
29-04-2023 19:34,23774,2,65.48
29-04-2023 13:46,6021,2,74.31
28-04-2023 11:33,6591,2,556.56
27-04-2023 15:11,6459,1,287.38
27-04-2023 08:46,6609,2,191.55
26-04-2023 11:15,6740,1,128.61
25-04-2023 23:25,6175,1,200.94
25-04-2023 18:05,6790,1,544.65
24-04-2023 15:02,6740,1,136.75
24-04-2023 15:02,6950,2,136.75
24-04-2023 10:12,23774,2,278.94
24-04-2023 10:12,23239,3,278.94
24-04-2023 10:12,6175,1,278.94
22-04-2023 21:05,6190,1,204.79
22-04-2023 12:23,6184,1,291.75
21-04-2023 22:25,6175,1,200.94
20-04-2023 15:22,6609,3,273.61
18-04-2023 18:14,6021,10,338.12
18-04-2023 15:36,6816,2,199.16
18-04-2023 08:35,6609,1,103.61
17-04-2023 11:51,6459,2,476.56
16-04-2023 13:34,23774,1,38.28
14-04-2023 14:20,6816,4,389.73
14-04-2023 13:37,6816,1,108.61
14-04-2023 13:23,6184,1,255.79
14-04-2023 10:41,6816,1,109.16
13-04-2023 17:50,6803,1,190
13-04-2023 13:50,6609,2,189.16
13-04-2023 11:03,6190,1,201.42
12-04-2023 14:43,6459,1,389.11
12-04-2023 12:56,6459,1,248.61
11-04-2023 12:59,6816,2,250.08
10-04-2023 07:51,6687,2,291.16
09-04-2023 20:12,6175,1,174
09-04-2023 13:33,23239,1,42.33
09-04-2023 13:33,23774,1,42.33
06-04-2023 10:49,6016,2,100.61
05-04-2023 14:26,6459,1,292.68
04-04-2023 13:47,6816,3,436.45
04-04-2023 12:28,6687,5,696.56
04-04-2023 09:08,6021,5,319.95
03-04-2023 16:03,6740,6,897.49
03-04-2023 16:03,6952,12,897.49
03-04-2023 11:14,6175,6,1193.62
30-03-2023 13:38,6816,1,114.85
30-03-2023 10:18,6459,1,277.42
30-03-2023 08:26,6190,1,208.4
29-03-2023 13:30,6175,1,190.56
29-03-2023 13:15,6212,2,689.54
29-03-2023 10:16,6184,1,305.74
29-03-2023 10:16,23774,1,305.74
28-03-2023 10:10,6190,1,202.25
27-03-2023 21:50,6790,3,902.35
27-03-2023 14:19,6021,10,288.86
25-03-2023 12:24,6212,1,343.79
23-03-2023 15:12,6459,1,248.61
23-03-2023 14:19,6790,3,902.35
22-03-2023 08:02,7234,1,566.01
21-03-2023 16:38,6816,2,362.97
20-03-2023 15:26,6459,2,1489.84
19-03-2023 21:26,6816,2,215.73
19-03-2023 21:26,6957,2,215.73
17-03-2023 13:59,6021,2,78.85
17-03-2023 13:28,6950,4,40.43
16-03-2023 17:58,6175,1,200.94
16-03-2023 12:43,6175,1,197.35
16-03-2023 10:29,6790,1,293.33
16-03-2023 10:28,6609,1,101.51
15-03-2023 16:32,6184,1,258.35
14-03-2023 15:39,6459,1,278.25
14-03-2023 14:21,6950,2,28.85
14-03-2023 11:46,6459,1,868.4
14-03-2023 10:20,6609,1,103.07
13-03-2023 15:51,6459,1,276.56
12-03-2023 17:01,6609,1,109.85
11-03-2023 15:26,6175,1,194.79
10-03-2023 10:31,6816,1,106.51
07-03-2023 11:30,6175,6,1193.62
07-03-2023 11:15,6816,5,565.33
07-03-2023 09:26,6175,1,242.61
07-03-2023 09:26,23774,1,242.61
06-03-2023 08:30,26681,1,237.42
04-03-2023 09:35,6803,1,184.61
03-03-2023 14:41,6609,2,189.16
03-03-2023 13:48,6609,2,188.07
02-03-2023 14:33,6021,1,27
02-03-2023 14:06,6816,1,106.51
02-03-2023 13:25,6175,8,1590.56
01-03-2023 09:09,6609,1,103.61
28-02-2023 16:09,6790,1,353.67
27-02-2023 16:10,6816,1,132.85
27-02-2023 11:29,6459,1,276.56
25-02-2023 10:22,6953,1,27.85
24-02-2023 07:33,6018,2,423.23
22-02-2023 19:09,6816,1,107.36
22-02-2023 15:23,6459,1,868.4
22-02-2023 11:10,6619,1,116.51
22-02-2023 08:27,6816,1,247.84
21-02-2023 11:54,6816,1,106.51
21-02-2023 11:38,6572,1,267.36
21-02-2023 09:10,6175,1,191.42
20-02-2023 11:49,6816,2,207.7
19-02-2023 16:33,6609,1,103.61
19-02-2023 16:11,23239,2,128.9
19-02-2023 16:11,6609,1,128.9
16-02-2023 16:04,6619,1,119.16
15-02-2023 09:50,5956,1,271.51
11-02-2023 13:01,6190,1,200.56
11-02-2023 12:52,6175,1,192.25
09-02-2023 17:37,6619,2,219.16
09-02-2023 11:17,6016,1,108.07
09-02-2023 11:17,6016,1,108.07
09-02-2023 09:42,6184,1,284.69
08-02-2023 15:54,6816,1,108
08-02-2023 13:43,5956,1,446.66
07-02-2023 13:35,6609,1,122.9
06-02-2023 14:03,6763,1,133.61
06-02-2023 10:48,6175,1,203.5
05-02-2023 13:21,6175,1,192.25
03-02-2023 09:35,5956,1,279.85
01-02-2023 16:06,6609,1,109.85
30-01-2023 10:23,6790,1,292.81
29-01-2023 21:17,23774,2,58.05
29-01-2023 18:48,6175,1,194.79
27-01-2023 01:21,6212,1,346.35
26-01-2023 13:19,6175,1,191.42
26-01-2023 06:30,6175,1,190.56
25-01-2023 10:19,6609,1,101.51
24-01-2023 10:35,6609,1,127.21
23-01-2023 15:32,6816,2,198.61
23-01-2023 13:44,6020,2,269.08
23-01-2023 12:38,6609,4,362.31
23-01-2023 12:33,6459,2,552.68
23-01-2023 07:00,6816,2,196.51
21-01-2023 16:58,6609,1,122.9
21-01-2023 07:44,6816,3,333.25
19-01-2023 11:00,6572,4,1021.44
18-01-2023 18:51,6816,1,132.85
18-01-2023 09:58,6459,1,276.56
17-01-2023 17:41,6184,1,409.57
17-01-2023 11:28,6687,1,153.36
16-01-2023 15:01,6609,1,106.55
16-01-2023 14:10,6816,1,135.7
16-01-2023 14:05,6609,1,103.07
16-01-2023 08:52,6016,4,183.95
12-01-2023 10:10,6609,2,189.16
11-01-2023 18:02,6816,1,111.55
11-01-2023 13:38,6175,2,416.66
09-01-2023 14:09,23774,1,42.65
09-01-2023 09:17,6175,3,706.54
09-01-2023 09:17,23774,3,706.54
06-01-2023 12:31,6609,1,109.85
06-01-2023 10:19,6459,1,246.51
05-01-2023 19:05,6609,1,109.85
05-01-2023 15:15,6687,2,308.92
03-01-2023 18:15,6021,10,338.54
03-01-2023 16:25,6619,1,176.51
03-01-2023 14:24,6016,2,339.31
03-01-2023 08:58,6609,2,208.61
01-01-2023 11:45,6609,1,103.61
28-12-2022 20:58,6026,8,1159.31
28-12-2022 13:18,6609,4,358.18
27-12-2022 17:07,6019,1,135.04
26-12-2022 16:22,6175,1,205.3
23-12-2022 15:17,6950,6,84.6
21-12-2022 14:59,6184,1,250.75
19-12-2022 13:18,5931,2,579.71
19-12-2022 12:14,6175,1,199.21
19-12-2022 09:26,6021,10,295.86
18-12-2022 06:49,6021,24,684.69
17-12-2022 10:04,6175,1,386.02
17-12-2022 10:02,6175,1,193.71
16-12-2022 16:20,6184,1,297.14
16-12-2022 12:33,6175,1,190.55
16-12-2022 09:37,6175,1,203.45
15-12-2022 16:57,6740,1,171.63
15-12-2022 14:44,6609,1,101.5
15-12-2022 11:08,7234,1,527.16
14-12-2022 22:04,6184,1,264.45
14-12-2022 11:25,6175,6,1184.86
13-12-2022 10:10,6175,2,416.08
08-12-2022 13:27,6816,1,113.5
06-12-2022 16:15,6816,1,110.67
06-12-2022 16:15,6957,1,110.67
06-12-2022 08:53,6740,2,457.19
06-12-2022 08:53,6740,2,457.19
05-12-2022 11:22,6175,1,193.71
05-12-2022 08:50,6687,1,170.71
02-12-2022 16:33,6816,1,105.7
02-12-2022 09:54,6816,2,427.55
02-12-2022 08:55,6609,2,188.18
01-12-2022 09:26,6459,1,396.99
01-12-2022 09:26,6609,1,396.99
30-11-2022 14:07,6459,1,247.67
30-11-2022 14:05,6021,2,149.96
30-11-2022 14:02,6459,1,287.6
30-11-2022 13:36,6175,1,193.71
30-11-2022 12:59,6572,1,469
29-11-2022 14:06,6022,1,250.75
29-11-2022 11:32,23239,2,24.34
28-11-2022 10:54,6459,4,938.65
25-11-2022 15:55,6021,1,41.66
22-11-2022 22:28,6021,60,1633.36
22-11-2022 08:03,6816,2,205.92
21-11-2022 16:36,6175,1,196.05
21-11-2022 10:33,6619,1,115.7
19-11-2022 21:00,6816,1,351.65
19-11-2022 21:00,23785,1,351.65
19-11-2022 21:00,6175,1,351.65
18-11-2022 11:22,6609,1,113.18
17-11-2022 10:38,6609,1,105.42
16-11-2022 22:37,6175,2,568.92
16-11-2022 20:32,6609,1,103.18
16-11-2022 17:17,6021,2,77.5
16-11-2022 16:42,6021,4,120.66
15-11-2022 11:19,6021,1,42.68
15-11-2022 10:48,6816,2,195.7
14-11-2022 18:08,6459,1,516.98
11-11-2022 09:24,6175,1,234.34
11-11-2022 07:23,6459,3,1896.19
10-11-2022 17:45,6609,1,101.5
10-11-2022 06:58,6803,2,340.03
10-11-2022 06:58,8314,4,340.03
08-11-2022 15:50,6175,1,244.92
08-11-2022 15:50,6959,2,244.92
07-11-2022 20:33,6459,1,252.66
07-11-2022 11:20,6609,3,273.18
07-11-2022 08:43,6175,2,416.48
06-11-2022 19:31,6609,1,102.16
06-11-2022 17:28,6175,1,191.33
02-11-2022 16:50,5956,2,532.1
02-11-2022 14:10,6175,5,992.35
02-11-2022 11:48,6609,1,246.92
02-11-2022 11:48,6687,1,246.92
02-11-2022 11:19,7234,2,1114.16
01-11-2022 17:22,6021,4,129.67
31-10-2022 21:58,6816,1,108.18
30-10-2022 15:26,23239,3,29.42
29-10-2022 12:31,6816,1,113.17
28-10-2022 17:09,6021,3,91.68
27-10-2022 13:20,6816,1,113.17
27-10-2022 09:07,6021,2,64.7
26-10-2022 22:35,6175,1,189.75
26-10-2022 12:52,6591,1,287.16
26-10-2022 06:45,6619,2,215.7
25-10-2022 20:04,6175,1,191.33
25-10-2022 11:04,6619,3,362.16
24-10-2022 17:18,6816,1,140.42
24-10-2022 17:18,6021,1,140.42
21-10-2022 18:57,6803,1,222.71
19-10-2022 17:13,6175,2,408.68
18-10-2022 13:37,6175,6,1133.26
18-10-2022 10:20,6609,1,120.92
18-10-2022 08:59,6687,2,490.92
18-10-2022 08:59,6619,2,490.92
17-10-2022 11:54,6184,2,532.62
17-10-2022 11:49,6022,1,257.83
15-10-2022 14:36,6175,1,208.1
14-10-2022 10:37,6021,3,103.68
13-10-2022 13:39,6175,1,189.75
13-10-2022 12:55,6609,1,118.5
12-10-2022 17:01,6175,1,201.6
12-10-2022 10:41,5931,1,298.18
11-10-2022 17:34,6021,3,101.67
11-10-2022 16:45,6740,3,412.46
07-10-2022 09:30,6175,2,408.68
06-10-2022 14:52,6018,1,116.17
06-10-2022 10:15,6687,2,328.27
05-10-2022 10:28,6687,2,450.19
05-10-2022 08:34,6175,1,196.1
04-10-2022 10:14,6816,2,200.42
03-10-2022 16:23,6609,1,102.16
30-09-2022 09:10,6816,1,107.67
29-09-2022 17:13,6740,4,661.5
29-09-2022 16:15,6740,1,194.72
29-09-2022 16:15,6950,4,194.72
29-09-2022 15:34,6740,1,137.67
29-09-2022 07:04,6763,1,138.68
28-09-2022 13:09,6175,1,217.02
28-09-2022 10:31,6175,1,190.55
26-09-2022 17:40,6816,1,140.42
26-09-2022 14:15,6816,1,131.5
26-09-2022 12:05,23774,1,37.14
24-09-2022 15:11,6609,1,100.7
23-09-2022 11:00,6093,2,192.87
22-09-2022 11:42,6609,2,188.18
21-09-2022 12:29,6175,1,193.71
20-09-2022 12:41,6175,1,199.21
20-09-2022 10:59,6175,1,237.8
19-09-2022 11:27,6816,1,124.5
18-09-2022 09:42,6609,1,116.2
15-09-2022 10:20,6609,1,86.67
14-09-2022 15:33,6459,2,1517.9
14-09-2022 10:11,23774,3,77.16
14-09-2022 08:23,6591,1,506.5
13-09-2022 14:02,23785,2,57.14
13-09-2022 10:19,6212,1,342.71
12-09-2022 16:22,6175,1,272.96
12-09-2022 16:19,6175,1,229.46
12-09-2022 11:44,6591,2,557.33
12-09-2022 11:17,6687,1,296.18
11-09-2022 06:43,6816,1,126.18
08-09-2022 21:48,6175,1,193.71
05-09-2022 21:55,6184,1,378.45
05-09-2022 17:01,6175,1,191.33
02-09-2022 13:14,5931,1,277.18
02-09-2022 07:20,6740,3,308.16
01-09-2022 16:13,6609,2,155.67
01-09-2022 12:30,6459,4,3406.86
31-08-2022 19:28,6459,6,1292.21
31-08-2022 17:49,6609,2,167
31-08-2022 09:19,23239,2,21.69
31-08-2022 07:38,6021,1,74.92
30-08-2022 10:36,6175,2,403.48
29-08-2022 16:01,6619,2,207.7
29-08-2022 12:04,6816,1,108.18
28-08-2022 12:05,6816,1,107.67
26-08-2022 17:45,6175,2,403.1
25-08-2022 16:15,6175,1,199.21
25-08-2022 06:39,6609,1,84.7
23-08-2022 09:50,5931,2,586.52
20-08-2022 09:23,6803,1,186.42
17-08-2022 08:55,6175,5,991.6
17-08-2022 08:47,6175,1,191.33
16-08-2022 09:19,6740,1,112.7
15-08-2022 10:48,6740,1,195.16
15-08-2022 10:48,6740,1,195.16
15-08-2022 06:42,6740,5,747.22
13-08-2022 16:38,6175,1,193.71
12-08-2022 11:49,6175,1,478.82
09-08-2022 19:32,6175,1,191.33
09-08-2022 09:48,6609,1,129.1
09-08-2022 09:45,6609,1,94.7
09-08-2022 08:42,6740,2,195.67
07-08-2022 10:37,6184,1,265.3
05-08-2022 13:38,6619,1,114.18
05-08-2022 09:21,6021,4,109.67
04-08-2022 13:48,6740,10,1025.46
04-08-2022 07:47,6609,9,688.55
01-08-2022 11:56,6184,1,257.83
28-07-2022 11:05,6021,10,284.96
27-07-2022 19:55,6816,1,105.7
27-07-2022 14:09,6205,1,1052.04
27-07-2022 14:09,6184,1,1052.04
26-07-2022 13:57,6619,1,113.16
26-07-2022 11:15,6619,1,113.16
25-07-2022 18:30,6816,1,115.92
25-07-2022 16:41,6185,1,305.71
25-07-2022 16:08,6609,2,392.19
25-07-2022 16:08,23774,2,392.19
25-07-2022 12:35,6609,1,85.5
25-07-2022 11:11,27075,1,379.71
20-07-2022 15:23,6609,3,224.67
20-07-2022 13:08,7234,1,407.67
20-07-2022 09:49,6609,5,417.83
19-07-2022 18:12,6740,2,344.18
19-07-2022 15:24,6609,1,92.17
15-07-2022 12:25,6609,1,89.42
15-07-2022 02:03,6740,5,761.51
14-07-2022 22:28,6740,5,764.38
13-07-2022 21:08,6609,1,86.16
12-07-2022 17:55,6021,10,368.62
12-07-2022 10:01,6175,1,193.71
11-07-2022 15:59,6459,1,223.18
08-07-2022 11:40,6459,1,731.87
08-07-2022 06:54,6572,2,447.33
07-07-2022 23:26,6740,5,761.51
06-07-2022 13:13,6609,10,749.12
05-07-2022 14:31,6816,1,111.2
05-07-2022 13:22,6609,1,104.92
05-07-2022 10:23,6077,3,312.7
01-07-2022 12:12,6619,2,786.66
01-07-2022 12:12,6687,4,786.66
29-06-2022 08:43,6609,5,374.45
27-06-2022 14:07,6572,1,428.5
23-06-2022 17:37,6609,1,211.07
23-06-2022 17:37,6957,2,211.07
23-06-2022 17:37,6740,1,211.07
23-06-2022 17:37,6950,1,211.07
20-06-2022 19:56,6175,1,203.45
20-06-2022 16:46,6591,1,352.35
20-06-2022 15:56,6816,1,107.67
20-06-2022 09:36,6016,4,182.92
17-06-2022 14:20,6609,1,86.67
16-06-2022 16:28,6591,1,340.42
15-06-2022 20:41,6591,1,262.67
15-06-2022 12:20,6740,4,380.88
14-06-2022 15:30,6609,1,119.1
13-06-2022 18:31,6609,2,163.92
13-06-2022 17:04,6021,1,43.5
11-06-2022 11:36,6021,10,251.2
11-06-2022 06:55,5942,1,207.67
10-06-2022 15:17,6609,1,91
09-06-2022 14:55,6175,1,197.95
09-06-2022 13:40,6609,1,98.5
09-06-2022 13:40,6953,2,98.5
09-06-2022 11:43,6175,1,199.87
08-06-2022 14:40,6175,5,992.85
08-06-2022 09:50,5956,1,267.06
07-06-2022 13:46,6175,1,191.33
06-06-2022 20:58,6175,1,205.71
02-06-2022 10:59,6609,1,86.67
31-05-2022 17:46,6803,1,269
29-05-2022 14:43,6609,1,98
26-05-2022 07:27,6591,1,262.16
25-05-2022 23:27,6609,1,113.17
23-05-2022 15:12,6175,1,199.21
23-05-2022 10:07,23774,1,42.64
22-05-2022 11:23,6026,1,170.12
20-05-2022 12:39,6619,1,135.66
19-05-2022 18:04,6591,1,291.36
18-05-2022 16:51,6687,1,156.42
18-05-2022 16:33,6459,2,455.08
17-05-2022 01:34,6609,1,87.18
12-05-2022 15:29,6459,1,233.95
11-05-2022 18:42,6459,2,455.08
10-05-2022 11:26,6175,2,403.66
09-05-2022 15:38,6175,1,191.33
04-05-2022 10:35,6175,1,197.95
03-05-2022 11:01,6022,1,230.95
02-05-2022 10:47,6021,1,45.5
29-04-2022 18:11,6016,4,333.34
29-04-2022 18:11,6021,6,333.34
25-04-2022 14:58,6740,2,217.17
23-04-2022 01:02,6459,2,706.87
22-04-2022 11:06,6021,10,273.32
20-04-2022 17:24,6459,4,2567.2
19-04-2022 14:31,6459,1,222.67
19-04-2022 14:29,6021,1,45.5
19-04-2022 13:22,6175,1,197.95
13-04-2022 16:42,6175,1,199.21
13-04-2022 16:38,6609,6,528.06
13-04-2022 16:38,6959,12,528.06
10-04-2022 13:44,23239,5,37.05
05-04-2022 09:51,6175,1,190.55
04-04-2022 15:44,6740,1,106.67
01-04-2022 19:06,6609,5,362.33
01-04-2022 13:57,6021,3,92.16
01-04-2022 09:05,6740,2,213.9
01-04-2022 06:16,6175,1,190.55
31-03-2022 12:10,6816,2,233.67
29-03-2022 17:11,6021,1,102.89
29-03-2022 13:05,6740,1,109.42
29-03-2022 07:20,6591,6,3302.16
28-03-2022 18:39,6175,1,203.45
28-03-2022 12:00,6021,26,718.15
24-03-2022 18:12,23774,1,49.36
24-03-2022 08:35,6021,16,467.91
23-03-2022 16:30,6016,3,494.68
23-03-2022 12:58,6459,1,654.34
22-03-2022 14:23,6016,20,1074.6
21-03-2022 13:22,6184,1,257.1
17-03-2022 17:01,6619,1,138.5
16-03-2022 17:47,6609,1,84.7
16-03-2022 15:39,6175,5,988.05
16-03-2022 08:39,6816,1,125.67
14-03-2022 15:37,23785,1,37.66
09-03-2022 18:01,6175,1,196.1
08-03-2022 09:14,6175,1,193.71
07-03-2022 07:49,6816,1,1064.64
07-03-2022 07:49,6816,1,1064.64
07-03-2022 07:49,6459,1,1064.64
03-03-2022 17:30,6619,1,119.5
03-03-2022 14:59,6609,1,86.16
28-02-2022 10:47,5931,3,836.66
28-02-2022 09:19,6609,1,91.66
27-02-2022 10:51,6021,1,39.67
24-02-2022 15:58,6609,5,370.87
22-02-2022 16:21,6609,2,181.52
21-02-2022 17:21,6816,2,231.7
19-02-2022 10:22,8313,1,5.65
17-02-2022 14:00,6740,1,149.28
16-02-2022 17:23,6687,2,276.18
16-02-2022 15:30,6609,1,92.5
16-02-2022 07:54,6687,6,1077.19
14-02-2022 23:55,6175,1,205.37
14-02-2022 11:41,6093,1,122.8
14-02-2022 09:37,6459,2,462.44
11-02-2022 17:17,6175,1,199.21
11-02-2022 14:33,6021,1,40.18
11-02-2022 12:47,23774,1,43.84
11-02-2022 10:17,6459,1,332.15
10-02-2022 12:37,6609,1,100.12
09-02-2022 09:18,6184,1,257.1
08-02-2022 16:40,6609,1,106.81
07-02-2022 20:02,6619,2,678.03
07-02-2022 17:37,6021,1,43.5
07-02-2022 12:07,6175,1,190.55
07-02-2022 10:17,6175,1,191.33
06-02-2022 16:21,6175,1,193.71
06-02-2022 14:57,6175,1,190.55
06-02-2022 13:33,6459,1,229.71
04-02-2022 14:35,6459,1,222.16
02-02-2022 14:56,6175,1,190.55
01-02-2022 16:57,6609,1,107.35
01-02-2022 16:34,6021,1,40.67
01-02-2022 15:49,6740,2,217.5
31-01-2022 13:02,6021,4,111.5
30-01-2022 22:38,6175,1,211.45
25-01-2022 12:21,6619,2,228.5
22-01-2022 15:41,6175,1,199.87
20-01-2022 13:09,6175,4,793.36
18-01-2022 17:30,6175,2,405.28
18-01-2022 14:46,6619,1,324.7
17-01-2022 21:45,6687,1,149.42
17-01-2022 12:01,6175,1,205.37
13-01-2022 13:45,26681,1,267.75
13-01-2022 10:29,6022,1,297.71
11-01-2022 15:59,5931,1,246.67
10-01-2022 21:21,6619,1,332.5
07-01-2022 15:14,6687,1,146.67
07-01-2022 13:38,6021,5,135.87
07-01-2022 13:10,6184,2,528.62
07-01-2022 09:25,6184,1,260.21
06-01-2022 22:00,6816,1,108.18
06-01-2022 11:34,6021,25,650.45
05-01-2022 14:04,6021,1,62.49
02-01-2022 20:14,6609,1,86.67
02-01-2022 14:09,6816,1,110.42
29-12-2021 12:26,6619,2,633.7
28-12-2021 18:32,6175,1,193.71
28-12-2021 08:04,6175,2,393.18
28-12-2021 07:01,6021,84,2033.68
27-12-2021 10:58,6175,1,196.1
23-12-2021 10:52,6175,1,201.97
22-12-2021 19:56,6609,1,91.59
22-12-2021 17:27,6093,2,185.29
22-12-2021 14:05,6021,1,44.59
22-12-2021 05:30,6093,3,319.12
21-12-2021 13:46,6021,3,82.55
18-12-2021 07:13,6175,1,189.2
16-12-2021 17:23,6212,1,793.82
16-12-2021 17:23,23239,6,793.82
16-12-2021 13:15,23774,1,36.53
15-12-2021 17:53,6803,1,237.59
15-12-2021 14:32,6609,1,84.92
15-12-2021 13:18,6591,1,261.55
14-12-2021 15:22,6184,2,525.14
14-12-2021 10:05,6609,1,617.04
14-12-2021 10:05,23774,2,617.04
14-12-2021 10:05,6175,2,617.04
13-12-2021 16:33,6459,1,633.38
12-12-2021 17:50,6021,5,123.93
11-12-2021 22:59,6609,1,96.54
10-12-2021 10:20,6816,4,455.17
10-12-2021 09:10,6609,1,85.55
09-12-2021 18:28,6175,1,190.71
09-12-2021 06:12,6790,1,231.04
08-12-2021 17:03,6185,1,309.02
08-12-2021 16:55,6212,1,339.71
08-12-2021 14:44,6740,1,204.46
08-12-2021 10:36,6175,1,197.93
07-12-2021 14:21,6963,2,241.55
07-12-2021 14:21,6803,1,241.55
05-12-2021 17:35,6175,1,190.71
03-12-2021 18:47,6740,1,108.65
03-12-2021 11:00,6021,1,37.03
02-12-2021 15:53,6609,5,372.97
01-12-2021 17:21,6175,2,399.74
01-12-2021 14:30,6175,1,197.02
01-12-2021 09:50,6619,1,131.55
30-11-2021 10:32,6572,1,231.55
29-11-2021 12:20,6175,1,190.71
29-11-2021 09:08,26681,1,285.69
26-11-2021 15:23,6790,1,407.07
24-11-2021 13:26,6609,7,524.84
19-11-2021 18:19,6021,1,37.52
19-11-2021 12:54,6459,1,222.52
19-11-2021 12:20,6609,1,94.15
18-11-2021 13:40,6459,4,888.61
18-11-2021 09:10,6619,1,132.03
17-11-2021 14:30,6609,1,88.65
17-11-2021 13:52,6619,2,214.59
16-11-2021 10:55,5931,2,481.02
16-11-2021 10:32,6175,1,301.44
15-11-2021 11:47,6021,10,277.14
15-11-2021 11:08,6459,1,220.92
12-11-2021 11:56,6459,1,230.43
11-11-2021 22:31,6021,5,130.61
11-11-2021 12:48,6687,1,300.44
09-11-2021 04:20,6740,1,313.65
09-11-2021 04:20,6740,1,313.65
08-11-2021 12:38,6021,2,57.98
08-11-2021 10:45,6609,1,86.5
05-11-2021 15:40,6205,1,372.02
05-11-2021 15:22,6459,1,348.22
05-11-2021 15:22,6687,1,348.22
05-11-2021 14:51,6021,4,269.22
04-11-2021 17:17,6022,1,431.91
04-11-2021 14:11,26681,1,280.46
04-11-2021 14:11,6953,2,280.46
04-11-2021 08:56,6459,2,427.25
04-11-2021 08:44,6459,2,454.75
03-11-2021 07:31,6021,1,32.55
02-11-2021 17:02,6609,10,724.5
01-11-2021 18:21,6021,4,98.59
01-11-2021 17:00,6459,1,218.52
01-11-2021 10:26,6021,1,33.03
29-10-2021 06:34,6591,1,257.55
23-10-2021 15:55,23774,1,123.02
23-10-2021 15:55,6816,1,123.02
22-10-2021 18:54,6619,2,205.03
21-10-2021 08:52,6609,15,1031.73
18-10-2021 16:44,6687,1,141.55
15-10-2021 18:38,6609,1,87.59
12-10-2021 09:06,6609,2,151.03
11-10-2021 10:47,6175,1,186.71
06-10-2021 12:43,6740,1,108.92
01-10-2021 16:33,6609,2,156.59
01-10-2021 13:01,6459,2,942.6
01-10-2021 13:01,6964,2,942.6
01-10-2021 09:07,6803,1,232.5
30-09-2021 16:04,6609,1,82.03
29-09-2021 13:24,6572,1,418.03
28-09-2021 11:53,6459,2,422.71
26-09-2021 15:47,6175,1,188.98
26-09-2021 13:59,6021,25,599.65
24-09-2021 14:30,6609,1,84.65
24-09-2021 12:03,6790,1,228.07
22-09-2021 16:24,6175,1,196.2
22-09-2021 14:53,6803,1,234.22
22-09-2021 14:53,8316,2,234.22
17-09-2021 15:27,6185,1,334.24
17-09-2021 15:27,23774,1,334.24
17-09-2021 15:27,23239,1,334.24
16-09-2021 12:27,6740,5,456.2
16-09-2021 09:33,6020,1,126.03
15-09-2021 07:02,6175,3,555.6
15-09-2021 06:52,6609,3,218.15
13-09-2021 15:31,6790,2,462.04
13-09-2021 05:44,6175,1,185.96
09-09-2021 12:39,6077,2,377.03
09-09-2021 04:10,6816,1,156.22
04-09-2021 22:12,6184,1,254.02
03-09-2021 15:50,6175,1,186.71
03-09-2021 07:50,6963,1,14.15
02-09-2021 04:43,6459,1,378
01-09-2021 09:38,6077,1,195.03
01-09-2021 08:16,6803,1,227.55
31-08-2021 11:08,6459,1,237.09
31-08-2021 11:05,6459,1,237.09
30-08-2021 17:51,6021,2,62.59
30-08-2021 16:35,6609,1,80.15
28-08-2021 18:17,6816,1,128.6
27-08-2021 04:38,6740,1,107.59
26-08-2021 10:43,7234,1,403.03
25-08-2021 14:17,6790,2,462.04
25-08-2021 13:07,6459,1,218.03
25-08-2021 09:56,6619,6,613.91
20-08-2021 13:24,6175,3,1177.5
20-08-2021 13:07,6459,1,339.83
19-08-2021 16:49,23774,2,441.54
18-08-2021 11:54,6803,1,258.47
15-08-2021 09:49,23774,2,191.98
12-08-2021 12:57,6740,1,112.76
12-08-2021 12:57,6950,2,112.76
12-08-2021 10:51,6459,2,427.25
11-08-2021 19:43,6175,1,186.71
11-08-2021 17:52,6018,2,237.25
11-08-2021 12:15,6459,1,643.76
09-08-2021 10:02,6459,3,635.06
07-08-2021 12:49,6609,1,81.55
05-08-2021 10:27,6459,1,545.81
02-08-2021 13:41,6184,1,252.25
01-08-2021 17:44,6175,1,186.71
29-07-2021 19:06,6619,1,190.96
28-07-2021 14:26,6790,1,180
27-07-2021 17:23,6609,2,136.59
26-07-2021 19:01,5931,3,849.63
26-07-2021 19:01,5931,1,849.63
26-07-2021 15:56,6175,1,168.91
26-07-2021 15:45,6459,1,199.92
26-07-2021 10:27,6021,3,72.55
26-07-2021 08:06,6459,2,409.97
23-07-2021 14:06,6459,3,578.71
23-07-2021 13:14,6619,1,93.15
17-07-2021 09:46,6609,1,94.03
16-07-2021 09:57,6459,1,201.52
16-07-2021 09:12,6687,1,169.49
10-07-2021 02:00,6024,1,100.55
09-07-2021 16:35,6021,1,38.59
07-07-2021 13:57,6459,2,895.44
06-07-2021 09:24,6205,1,342.98
05-07-2021 10:06,6957,1,1.6
02-07-2021 08:37,6459,1,201.03
02-07-2021 07:59,6609,1,76.98
29-06-2021 11:51,6609,1,74.65
28-06-2021 09:42,6957,1,20.19
24-06-2021 20:59,6572,1,210.18
23-06-2021 10:28,6021,5,133.09
22-06-2021 12:59,6619,1,95.03
22-06-2021 09:20,6619,1,95.03
22-06-2021 08:10,6016,4,134.22
21-06-2021 20:53,6740,1,79.59
21-06-2021 15:07,6016,4,147.9
21-06-2021 14:47,6016,3,114.59
20-06-2021 20:12,6816,1,94.03
18-06-2021 23:12,6459,2,390.98
18-06-2021 07:30,6609,1,77.59
16-06-2021 15:57,6740,2,135.03
16-06-2021 10:53,6609,1,77.47
16-06-2021 08:46,6459,1,550.94
15-06-2021 14:51,6459,1,200.55
14-06-2021 13:15,6609,1,104.96
14-06-2021 13:15,6961,2,104.96
11-06-2021 14:40,6459,1,212.98
11-06-2021 13:08,23774,1,38.62
10-06-2021 18:57,6609,1,83.59
08-06-2021 10:24,6459,1,199.92
07-06-2021 15:48,6021,1,33.52
04-06-2021 11:15,6619,1,223.12
30-05-2021 10:52,6572,1,332.59
26-05-2021 17:36,6212,1,489.96
25-05-2021 16:37,6803,1,146.59
25-05-2021 12:15,6609,1,168.99
24-05-2021 17:24,23774,1,32.74
24-05-2021 10:53,6184,1,224.96
20-05-2021 10:12,6572,2,720.25
19-05-2021 11:32,6016,6,868.67
13-05-2021 11:23,6816,3,260.98
09-05-2021 08:06,23774,1,32.53
06-05-2021 10:39,6591,1,209.55
05-05-2021 11:14,6619,1,223.12
04-05-2021 08:46,6459,1,217.93
03-05-2021 18:10,6184,1,233.85
03-05-2021 15:08,6816,1,94.52
29-04-2021 22:58,23774,1,32.74
29-04-2021 12:47,6790,1,191.37
28-04-2021 13:02,6619,3,264.59
27-04-2021 15:54,6021,6,153.41
27-04-2021 09:58,6021,10,247.04
22-04-2021 11:30,5931,1,218.03
21-04-2021 14:28,6609,1,80.65
20-04-2021 13:41,23239,5,89.71
20-04-2021 13:41,23785,3,89.71
19-04-2021 07:00,6816,1,87.55
16-04-2021 12:03,6021,1,37.98
15-04-2021 10:25,6609,1,71.55
13-04-2021 13:06,23774,2,143.34
09-04-2021 07:30,23774,1,33.03
08-04-2021 11:39,6184,1,235.2
06-04-2021 22:11,6184,1,245.56
06-04-2021 22:11,8314,2,245.56
06-04-2021 21:56,6740,1,79.59
05-04-2021 11:39,6609,1,77.59
01-04-2021 08:45,6077,1,95.92
31-03-2021 10:55,6021,8,177.26
29-03-2021 11:41,6195,1,276
26-03-2021 17:42,6609,1,70.92
26-03-2021 10:33,6803,3,545.46
26-03-2021 10:33,6816,1,545.46
25-03-2021 09:40,6609,1,153.75
24-03-2021 15:41,6021,2,58.47
24-03-2021 13:29,6459,4,780.52
23-03-2021 11:26,6609,1,79.75
23-03-2021 11:26,6959,2,79.75
22-03-2021 17:37,6021,2,62.59
18-03-2021 02:30,6740,5,541.51
17-03-2021 17:13,6619,1,209.45
15-03-2021 16:37,6459,2,401.8
15-03-2021 10:00,6572,1,181.55
12-03-2021 20:15,6609,1,77.47
12-03-2021 12:14,6803,1,199.13
12-03-2021 11:47,6609,4,595.5
11-03-2021 13:54,23774,3,562.99
05-03-2021 11:43,6790,1,288.97
03-03-2021 12:17,6816,15,1211.31
03-03-2021 09:20,5931,2,427.25
03-03-2021 03:29,6619,2,320.33
02-03-2021 10:33,6619,2,177.03
26-02-2021 18:34,6816,1,96.65
25-02-2021 13:21,6021,3,231.18
24-02-2021 11:16,6609,1,72.03
22-02-2021 11:36,23774,1,38.55
22-02-2021 11:36,23239,2,38.55
20-02-2021 22:22,6609,2,168.1
18-02-2021 05:04,6459,2,475.02
17-02-2021 20:51,6609,1,79
17-02-2021 20:51,23774,1,79
17-02-2021 12:46,6803,2,320.55
16-02-2021 17:12,6459,1,215.25
16-02-2021 08:14,23774,1,20
15-02-2021 09:33,6687,3,505.8
13-02-2021 21:43,6021,1,38.59
13-02-2021 20:20,23774,1,175.6
13-02-2021 20:20,6959,2,175.6
10-02-2021 14:06,6021,56,1336.71
10-02-2021 08:59,6609,3,288.53
09-02-2021 14:11,5956,4,839.55
09-02-2021 13:41,6687,1,269.65
05-02-2021 13:48,6619,1,97.65
04-02-2021 13:01,6974,2,79.65
03-02-2021 16:17,6619,1,93.15
01-02-2021 17:41,6974,1,45.03
31-01-2021 20:10,6803,1,143.65
29-01-2021 13:30,7234,1,382.55
28-01-2021 15:21,6687,1,128.87
27-01-2021 17:57,6021,10,247.04
27-01-2021 01:53,6459,2,1088.76
25-01-2021 13:07,6021,12,285.84
25-01-2021 11:29,6740,1,110.69
25-01-2021 08:43,6459,1,206.59
23-01-2021 14:34,6609,1,71.55
21-01-2021 18:18,6609,1,76.5
21-01-2021 11:39,6790,1,395.24
19-01-2021 12:09,6619,1,99.98
14-01-2021 16:38,6021,3,76.87
11-01-2021 15:20,6609,8,479.17
11-01-2021 14:42,6018,1,87.98
11-01-2021 14:03,6591,5,2160.13
11-01-2021 13:20,6459,1,200.55
07-01-2021 13:56,6609,1,100.21
06-01-2021 11:52,6021,2,57.03
04-01-2021 14:55,6609,2,131.03
04-01-2021 11:09,6609,1,70.92
02-01-2021 12:53,6609,1,76.5
29-12-2020 17:02,6609,1,76.98
23-12-2020 18:57,6687,5,580.07
16-12-2020 09:47,6459,2,387.51
15-12-2020 14:24,6021,1,101.65
14-12-2020 16:11,6687,2,523.06
09-12-2020 21:19,6816,1,118.38
04-12-2020 12:48,6609,1,98.31
03-12-2020 16:02,6740,1,73.08
30-11-2020 14:56,6687,1,124.54
26-11-2020 17:42,6609,1,186.97
24-11-2020 08:38,6609,1,81.58
23-11-2020 15:37,6591,1,209.08
22-11-2020 18:17,6609,1,83.79
19-11-2020 14:44,6459,1,447.24
19-11-2020 14:16,6459,2,1087.68
19-11-2020 09:10,6591,1,207.73
19-11-2020 08:55,6609,1,71.08
12-11-2020 23:55,6609,1,416.07
12-11-2020 23:55,6816,1,416.07
12-11-2020 23:55,6816,1,416.07
12-11-2020 23:55,6609,1,416.07
12-11-2020 23:55,6803,1,416.07
12-11-2020 12:56,6609,2,131.01
11-11-2020 17:12,6016,2,81.89
11-11-2020 13:51,5931,1,217.54
11-11-2020 09:30,6021,20,526.4
10-11-2020 16:52,6740,2,139.89
10-11-2020 15:32,6591,1,209.08
10-11-2020 14:35,6687,5,580.07
06-11-2020 11:17,6021,6,158.77
04-11-2020 17:19,6790,2,400.1
02-11-2020 13:06,6021,12,294.88
02-11-2020 10:00,6687,1,269.06
30-10-2020 09:06,7234,1,380.73
26-10-2020 18:13,6609,1,77.08
26-10-2020 12:13,6687,1,196.88
20-10-2020 15:06,6740,1,73.08
20-10-2020 11:36,6184,1,225.23
19-10-2020 11:31,6077,2,374.73
19-10-2020 09:59,6572,1,287.19
16-10-2020 11:12,6740,1,83.47
14-10-2020 18:25,6459,9,1672.72
13-10-2020 10:26,6021,2,52.54
12-10-2020 14:07,6619,2,176.54
12-10-2020 10:11,6184,1,223.78
09-10-2020 13:37,6740,1,73.08
08-10-2020 16:17,6619,1,94.54
08-10-2020 09:56,6619,2,177.01
06-10-2020 11:34,6609,1,71.54
01-10-2020 12:40,6459,2,434.87
01-10-2020 11:26,5956,1,217.47
29-09-2020 12:50,6803,1,146.31
28-09-2020 09:51,6803,1,176.14
25-09-2020 15:31,6021,1,66.44
23-09-2020 17:21,6572,1,187.27
23-09-2020 15:37,6740,1,82.73
23-09-2020 11:22,6619,1,277.08
22-09-2020 16:35,6687,1,269.06
22-09-2020 13:00,6459,1,205.89
22-09-2020 09:59,6021,12,282.88
21-09-2020 15:04,5942,1,183.73
18-09-2020 12:29,6619,2,177.01
17-09-2020 16:45,6619,1,94.54
16-09-2020 15:08,6740,4,254.76
15-09-2020 09:41,6016,3,102.54
15-09-2020 09:20,6687,3,375.31
10-09-2020 14:23,6459,13,6125.25
10-09-2020 14:23,6459,1,6125.25
10-09-2020 14:19,6459,1,586.6
10-09-2020 09:15,6459,1,188
10-09-2020 09:10,6459,10,3760
10-09-2020 09:10,6459,10,3760
09-09-2020 14:51,6609,2,135.89
08-09-2020 16:28,6021,2,61.89
03-09-2020 10:20,6591,1,209.08
31-08-2020 14:29,6740,2,137.06
29-08-2020 12:46,6609,1,78.56
28-08-2020 14:07,6093,2,214.89
27-08-2020 15:00,6591,1,398.09
21-08-2020 14:05,6609,4,251.72
18-08-2020 16:18,6609,1,77.08
17-08-2020 20:29,6023,1,179.56
14-08-2020 09:00,6021,25,578
12-08-2020 15:00,5931,1,256.25
11-08-2020 16:17,6816,1,92.89
10-08-2020 17:30,6459,1,205.89
10-08-2020 09:27,6021,1,52.08
10-08-2020 09:27,6021,1,52.08
06-08-2020 19:25,6609,1,71.54
05-08-2020 13:35,6591,4,816.52
03-08-2020 12:09,6021,2,57.89
03-08-2020 09:59,6591,1,366.01
30-07-2020 18:21,6019,1,89.89
30-07-2020 07:52,6021,10,218.84
29-07-2020 14:39,6740,1,73.08
28-07-2020 10:05,6609,1,77.54
27-07-2020 15:11,6459,1,208.78
24-07-2020 19:45,6609,1,78.56
20-07-2020 15:10,6619,1,94.54
18-07-2020 07:55,6609,2,131.01
15-07-2020 18:27,6950,2,28.13
14-07-2020 02:37,6740,4,409.82
13-07-2020 23:53,6212,1,314.6
13-07-2020 12:20,6459,1,209.51
08-07-2020 14:19,6459,1,212.42
07-07-2020 12:31,6021,1,34.54
05-07-2020 07:56,6609,2,131.01
01-07-2020 09:08,6459,1,214.6
29-06-2020 10:53,6212,1,312.42
24-06-2020 16:49,6609,3,190.01
24-06-2020 13:39,6459,2,1109.56
21-06-2020 23:06,5931,1,224.56
19-06-2020 17:38,6619,1,82
19-06-2020 14:56,6459,4,766.97
19-06-2020 07:56,6021,5,114.42
17-06-2020 15:45,6609,1,153.12
16-06-2020 10:58,6021,2,51.47
15-06-2020 13:53,6609,1,71.54
11-06-2020 11:46,6816,1,98.89
10-06-2020 12:32,6021,2,52.54
10-06-2020 11:24,6459,2,1109.56
10-06-2020 11:07,6609,3,190.01
08-06-2020 11:05,6021,2,77.83
01-06-2020 20:32,6609,1,90.14
01-06-2020 12:39,6021,2,56.54
27-05-2020 12:46,6619,1,93.47
18-05-2020 14:33,6619,1,99.89
18-05-2020 14:15,6459,1,773.15
14-05-2020 11:00,5931,1,217.54
12-05-2020 14:13,6790,4,1118.36
10-05-2020 16:16,6609,1,71.54
07-05-2020 11:10,6790,1,192.58
04-05-2020 14:29,6609,1,76.04
04-05-2020 10:38,6740,1,83.47
04-05-2020 09:42,6609,1,69.73
03-05-2020 08:52,6459,1,212.42
02-05-2020 11:34,6609,1,72.01
30-04-2020 15:17,6790,2,4048.14
30-04-2020 15:17,6459,4,4048.14
30-04-2020 09:48,6021,10,242.2
28-04-2020 15:04,6572,2,349.51
27-04-2020 12:26,6816,1,85.73
27-04-2020 12:21,6205,1,378.38
27-04-2020 11:57,6018,1,58.01
23-04-2020 11:55,6803,1,155.59
21-04-2020 08:30,6609,1,73.67
21-04-2020 08:30,6953,2,73.67
20-04-2020 14:10,6609,1,71.54
18-04-2020 11:32,6459,5,971.98
15-04-2020 14:40,6687,1,129.89
09-04-2020 08:53,6459,1,208.78
08-04-2020 11:51,6459,1,224.18
07-04-2020 15:11,6803,1,166.04
02-04-2020 16:04,6459,1,198.73
01-04-2020 08:43,6740,1,177.94
31-03-2020 10:43,6790,12,2292.6
30-03-2020 11:07,6740,2,133.47
24-03-2020 15:59,6619,3,263.89
23-03-2020 14:31,6021,1,34.08
20-03-2020 19:11,6459,1,218.07
16-03-2020 12:18,6619,2,547.89
11-03-2020 17:37,6609,1,71.54
11-03-2020 11:39,6021,2,56.54
09-03-2020 22:12,6021,6,146.91
05-03-2020 19:24,6609,1,76.89
05-03-2020 13:49,6459,1,359.92
05-03-2020 10:36,6687,1,127.06
05-03-2020 10:09,6459,1,543.18
04-03-2020 20:01,6021,2,52.54
03-03-2020 09:51,6459,1,210.23
03-03-2020 03:08,6459,1,203.06
02-03-2020 14:01,6763,1,92.54
28-02-2020 11:29,6459,3,2673.36
28-02-2020 11:29,6459,2,2673.36
28-02-2020 11:29,6459,3,2673.36
28-02-2020 11:29,6687,3,2673.36
28-02-2020 10:53,6572,1,195.35
26-02-2020 13:18,6459,1,338.54
25-02-2020 11:38,6790,3,600.15
19-02-2020 12:00,6021,5,120.07
18-02-2020 11:11,6021,2,52.08
11-02-2020 14:41,6609,2,133.06
11-02-2020 14:21,6021,1,32.54
11-02-2020 13:32,6803,1,226.32
11-02-2020 09:59,6619,6,494.36
10-02-2020 18:53,6093,1,117.33
04-02-2020 13:07,6021,1,32.54
03-02-2020 15:12,6740,3,195.08
03-02-2020 13:57,6018,1,87.04
31-01-2020 14:55,6459,1,200.54
29-01-2020 09:09,6619,2,181.89
28-01-2020 19:54,6740,1,154.91
28-01-2020 15:17,6187,1,345.67
28-01-2020 15:17,8312,2,345.67
28-01-2020 12:14,6077,7,554.61
28-01-2020 10:37,6077,6,479.61
22-01-2020 14:47,6021,10,245.62
20-01-2020 07:40,6740,1,82.73
17-01-2020 09:38,6459,4,977.21
16-01-2020 12:25,5931,1,216.47
15-01-2020 12:41,6619,1,95.01
13-01-2020 17:24,6740,1,199.44
13-01-2020 17:24,6763,1,199.44
13-01-2020 17:24,6950,4,199.44
13-01-2020 15:15,6021,1,34.54
09-01-2020 19:03,6803,1,162.01
09-01-2020 11:33,6021,2,52.54
08-01-2020 18:05,6816,1,96.06
08-01-2020 17:07,6021,12,308.83
08-01-2020 16:06,6459,1,359.92
08-01-2020 15:43,6459,2,572.21
31-12-2019 13:24,6609,2,131.01
31-12-2019 09:27,5956,1,217.47
23-12-2019 11:39,6572,8,1336.16
19-12-2019 13:21,6740,1,82.24
19-12-2019 12:10,6021,12,280.05
18-12-2019 14:59,6021,10,252.3
17-12-2019 13:11,6619,1,121.6
17-12-2019 11:23,6609,1,69.94
17-12-2019 10:58,6619,1,94.4
17-12-2019 06:52,6740,1,82.24
16-12-2019 17:17,6609,1,69.24
14-12-2019 20:22,6609,1,70.95
13-12-2019 15:31,6740,4,377.08
13-12-2019 11:28,6591,1,295.14
13-12-2019 11:17,6459,17,8721
06-12-2019 12:58,6591,1,208.53
06-12-2019 11:34,6797,6,874.91
06-12-2019 11:34,6803,2,874.91
05-12-2019 16:06,6619,2,547.05
04-12-2019 13:01,6022,2,448.9
03-12-2019 17:01,6459,1,302.22
03-12-2019 12:00,6740,1,72.95
02-12-2019 11:50,6790,1,286.9
28-11-2019 09:59,6609,3,304.31
23-11-2019 16:40,6016,2,70.24
23-11-2019 16:28,6740,1,78.05
22-11-2019 12:57,6459,1,208.98
21-11-2019 11:19,6021,3,76.24
20-11-2019 16:31,6572,1,180.95
20-11-2019 11:46,5956,1,216.94
19-11-2019 22:49,6609,1,76.05
17-11-2019 20:58,6816,1,86.53
15-11-2019 13:16,6740,1,82.24
12-11-2019 18:17,6790,1,365.78
12-11-2019 13:19,6022,1,224.45
08-11-2019 16:08,6021,2,55.73
07-11-2019 10:36,6021,10,210.56
07-11-2019 08:36,6790,1,212.86
05-11-2019 13:33,5931,1,319.5
05-11-2019 09:39,6740,2,162.64
02-11-2019 20:51,5931,1,220.73
01-11-2019 17:11,6816,1,92.95
01-11-2019 11:14,6572,2,348.98
31-10-2019 14:47,6021,6,148.59
31-10-2019 10:17,6459,2,387.66
30-10-2019 15:30,6740,1,90.6
27-10-2019 11:32,6021,12,280.05
23-10-2019 14:57,6459,2,468.7
22-10-2019 09:20,6740,2,147.04
18-10-2019 14:58,6020,2,247.88
17-10-2019 20:01,6021,1,31.95
17-10-2019 15:46,6803,1,170.25
17-10-2019 12:48,6609,1,101.05
16-10-2019 15:03,6609,1,70.53
15-10-2019 16:49,6459,4,2172.76
14-10-2019 14:13,6952,2,35.28
10-10-2019 10:44,6021,1,34.36
08-10-2019 15:55,5931,1,216.95
07-10-2019 16:05,6212,1,487.5
07-10-2019 14:44,6609,1,71.4
04-10-2019 17:22,6687,5,620.91
01-10-2019 12:52,6212,1,318.02
26-09-2019 15:15,6609,1,83.56
22-09-2019 17:43,6609,1,83.56
20-09-2019 15:28,6021,24,550.88
20-09-2019 11:44,6609,1,71.4
20-09-2019 10:40,6619,5,420.98
16-09-2019 08:48,6609,1,69.24
16-09-2019 08:19,6687,6,674.58
12-09-2019 13:27,6609,1,83.56
11-09-2019 13:52,6790,1,278.94
11-09-2019 11:42,6609,1,70.53
10-09-2019 10:42,6609,1,70.95
10-09-2019 00:33,6740,10,826.6
08-09-2019 17:53,6609,1,232.92
04-09-2019 15:28,6687,1,127.73
03-09-2019 11:48,5942,2,359.75
28-08-2019 08:32,6459,2,386.28
27-08-2019 14:38,6609,1,70.95
23-08-2019 14:09,6459,1,202.36
22-08-2019 14:33,6572,1,341.68
20-08-2019 19:13,6740,1,82.25
20-08-2019 15:40,6572,1,186.05
20-08-2019 12:26,6591,1,207.24
19-08-2019 15:21,6609,10,600.54
19-08-2019 09:47,6459,4,940.78
15-08-2019 12:29,6619,1,96.36
14-08-2019 14:22,6459,1,200.4
14-08-2019 11:51,6572,1,261.79
12-08-2019 17:54,6459,1,205.05
12-08-2019 15:45,6740,2,161.05
12-08-2019 14:30,6459,1,208.95
06-08-2019 13:31,6026,1,143.73
06-08-2019 13:22,6022,1,297.13
31-07-2019 10:18,6021,10,236.5
29-07-2019 12:44,6609,1,69.24
29-07-2019 09:05,6950,10,74.52
29-07-2019 07:49,6591,1,208.95
26-07-2019 07:39,6609,1,71.4
25-07-2019 21:06,6740,1,111.39
25-07-2019 10:28,5931,1,205
22-07-2019 15:41,6459,1,389.75
22-07-2019 15:41,6459,1,389.75
22-07-2019 09:17,6021,16,341.2
21-07-2019 14:22,6950,6,53.91
17-07-2019 14:49,6572,2,348.98
17-07-2019 10:46,6687,1,123.95
16-07-2019 10:22,6740,1,85.6
16-07-2019 10:22,6952,2,85.6
15-07-2019 14:33,6077,2,182.36
15-07-2019 13:03,6959,50,194.42
12-07-2019 13:28,6609,1,75.15
10-07-2019 14:35,6803,1,161.4
02-07-2019 13:22,6609,1,70.95
30-06-2019 20:59,6591,2,611.15
27-06-2019 22:16,6609,1,96.37
26-06-2019 07:50,5931,2,420.28
25-06-2019 10:12,6077,1,98.36
23-06-2019 14:55,6212,1,311.75
20-06-2019 11:31,6021,4,213.38
19-06-2019 13:40,6021,5,111.66
17-06-2019 18:01,5931,1,215.24
17-06-2019 16:27,6803,1,160.79
17-06-2019 15:51,6803,1,140.4
17-06-2019 11:56,6021,2,55.53
12-06-2019 16:14,6609,1,73.36
10-06-2019 13:06,6609,1,69.94
05-06-2019 10:43,6021,10,225.9
03-06-2019 14:38,6687,1,223.17
03-06-2019 12:00,6021,5,117.45
03-06-2019 11:34,6803,1,143.73
31-05-2019 07:40,6021,10,232.32
29-05-2019 18:07,6816,1,92.95
29-05-2019 03:02,6591,6,2338.44
28-05-2019 00:23,6619,1,96.36
27-05-2019 10:58,6740,5,337.15
23-05-2019 12:51,6740,1,71.94
23-05-2019 11:09,6459,1,296.55
22-05-2019 16:29,6740,1,83.95
21-05-2019 08:14,6609,1,70.95
20-05-2019 08:46,6816,1,97.6
15-05-2019 15:36,6816,1,114.48
14-05-2019 13:45,6572,1,265.19
14-05-2019 05:11,6740,1,276.61
14-05-2019 05:11,6950,4,276.61
10-05-2019 12:55,6016,1,39.4
10-05-2019 08:44,6740,2,273.21
09-05-2019 14:50,6459,1,239.51
05-05-2019 20:36,6816,1,93.4
03-05-2019 09:25,6459,1,199.95
03-05-2019 08:58,6016,1,40.24
01-05-2019 15:56,6687,1,129.05
01-05-2019 11:57,6816,1,92.05
26-04-2019 10:01,6187,1,337.15
23-04-2019 08:31,6790,4,1082.96
22-04-2019 11:03,6459,1,607.79
22-04-2019 11:03,6459,2,607.79
18-04-2019 10:53,6572,2,376.33
17-04-2019 18:27,6021,33,746.2
17-04-2019 13:21,6797,1,114.95
17-04-2019 11:57,6212,1,317.13
15-04-2019 14:19,6016,1,43.95
15-04-2019 12:15,5931,2,425.82
13-04-2019 17:20,6609,1,70.95
12-04-2019 14:11,6974,1,48.6
09-04-2019 11:30,6459,7,1486.25
09-04-2019 03:03,6790,2,553.05
08-04-2019 15:14,6021,5,127.95
08-04-2019 04:02,6619,2,292.6
05-04-2019 17:44,6021,3,74.36
05-04-2019 08:47,6459,1,452.93
03-04-2019 14:03,6609,1,76.05
03-04-2019 08:56,6021,1,34.36
28-03-2019 18:08,6619,2,178.36
27-03-2019 13:21,6797,2,217.95
27-03-2019 12:21,5956,1,516.82
27-03-2019 12:21,6022,1,516.82
27-03-2019 11:31,6790,1,197.05
27-03-2019 08:55,6740,1,193.49
22-03-2019 08:45,6619,2,174.94
20-03-2019 13:59,6816,1,107.86
20-03-2019 11:46,6459,1,204.15
19-03-2019 14:46,6790,2,548.4
15-03-2019 10:58,6803,1,144.94
15-03-2019 10:58,8316,2,144.94
11-03-2019 07:35,6021,5,110.98
07-03-2019 10:53,6026,3,401.05
06-03-2019 19:19,6740,1,88.29
06-03-2019 19:19,6950,2,88.29
05-03-2019 09:41,6619,4,345.35
04-03-2019 17:39,6687,1,123.95
04-03-2019 15:44,6740,2,165.67
04-03-2019 15:44,6952,2,165.67
04-03-2019 15:44,6950,2,165.67
27-02-2019 11:13,6459,1,353.12
26-02-2019 03:22,6021,2,61.05
13-02-2019 16:36,6740,1,78.05
12-02-2019 16:16,6609,2,129.95
12-02-2019 10:55,6021,5,119.13
07-02-2019 11:11,6609,1,73.28
07-02-2019 04:37,6790,2,659.2
04-02-2019 14:13,6609,1,76.05
04-02-2019 12:42,6740,1,73.76
04-02-2019 10:55,6459,1,560.13
04-02-2019 07:12,6687,2,235.53
01-02-2019 11:33,6740,1,167.21
31-01-2019 10:24,6959,1,0
29-01-2019 10:09,6740,1,78.05
27-01-2019 13:17,6816,1,93.76
27-01-2019 12:03,6816,1,91.24
24-01-2019 10:22,6740,1,82.53
21-01-2019 16:14,6609,3,211.28
18-01-2019 10:12,6740,10,896.57
17-01-2019 08:48,6959,1,0
16-01-2019 12:03,6790,1,278.94
15-01-2019 15:31,6816,2,164.36
15-01-2019 14:43,6572,1,181.4
14-01-2019 16:46,5956,3,1290.91
14-01-2019 16:46,6022,3,1290.91
14-01-2019 09:58,6797,2,220.36
11-01-2019 14:45,6146,4,2738.99
10-01-2019 16:42,6687,1,126.36
10-01-2019 10:41,6077,2,182.36
10-01-2019 10:08,6021,10,227.3
07-01-2019 12:56,6619,1,0
04-01-2019 08:56,6459,1,345.45
03-01-2019 16:18,6016,20,570.95
02-01-2019 18:05,6740,3,231.86
27-12-2018 14:04,6619,3,263.05
26-12-2018 12:52,6609,1,82.05
21-12-2018 20:30,6619,1,275.59
19-12-2018 19:59,6976,6,308.49
17-12-2018 17:03,6609,1,70.75
14-12-2018 16:05,6572,1,181.4
13-12-2018 08:11,6803,3,598.81
13-12-2018 08:11,6021,4,598.81
13-12-2018 08:11,6021,4,598.81
11-12-2018 10:40,6077,1,96.32
10-12-2018 15:58,6609,10,591.82
07-12-2018 13:35,6021,20,422.28
05-12-2018 14:32,5956,1,217.14
05-12-2018 13:03,6687,3,345.76
05-12-2018 09:14,6687,3,376.17
04-12-2018 20:03,6740,2,132.59
27-11-2018 14:40,6609,1,69.59
26-11-2018 08:33,5942,2,359.75
21-11-2018 16:59,6609,2,130.4
16-11-2018 19:46,6619,1,98.01
13-11-2018 07:32,6687,1,190.29
09-11-2018 15:35,6021,2,59.57
09-11-2018 15:24,6591,1,213.01
09-11-2018 11:18,6021,1,31.75
09-11-2018 08:16,6185,1,271.9
08-11-2018 17:15,6021,12,401.52
07-11-2018 07:38,6021,1,30.59
06-11-2018 15:36,6619,1,120.75
02-11-2018 08:19,6021,1,32.4
31-10-2018 14:07,6021,5,130.66
31-10-2018 10:57,6077,1,97.49
30-10-2018 14:59,6021,1,33.49
30-10-2018 11:36,6609,1,74.73
29-10-2018 11:08,6021,1,30.59
26-10-2018 11:05,6619,2,547.49
25-10-2018 16:43,6021,2,49.76
25-10-2018 14:36,6459,1,204.01
24-10-2018 10:35,6459,1,203.75
22-10-2018 07:53,6591,1,208.14
16-10-2018 11:26,6459,1,204.01
15-10-2018 10:53,6687,1,125.49
13-10-2018 09:58,6609,6,424.28
12-10-2018 15:48,6021,1,35.14
12-10-2018 14:58,6077,1,93.76
12-10-2018 13:41,6021,13,290.94
09-10-2018 20:45,6609,1,75.59
09-10-2018 08:05,6021,1,35.14
04-10-2018 16:57,6609,2,131.49
03-10-2018 12:48,6459,1,445.46
01-10-2018 14:34,6687,2,238.92
28-09-2018 13:47,6459,1,203.75
25-09-2018 19:15,6021,1,34.92
25-09-2018 17:07,6687,1,145.17
25-09-2018 14:44,6609,1,68.76
24-09-2018 10:39,6459,3,2895.4
24-09-2018 10:39,6459,2,2895.4
24-09-2018 10:39,6459,1,2895.4
18-09-2018 21:44,6021,5,119.85
15-09-2018 18:52,6022,3,1159.61
15-09-2018 18:52,6790,1,1159.61
13-09-2018 05:55,6619,1,236.3
12-09-2018 21:36,6687,4,465.43
12-09-2018 10:57,6020,2,243.05
11-09-2018 16:19,6021,4,136.19
06-09-2018 19:28,6019,1,88.01
05-09-2018 10:52,6619,4,338.63
29-08-2018 09:01,6459,1,199.75
23-08-2018 14:08,6740,1,87.75
23-08-2018 09:31,6609,4,246.63
22-08-2018 12:39,6687,1,122.59
21-08-2018 16:17,6572,2,348.9
